key	grp1	grp2	grp3	grp4	частот. WordStat	"частот. WordStat"	"!частот. !WordStat"	mord	tema
вывоз и уборка снега	1	1	1	1	0	0	0	0	
вывоз снега	1	1	1	1	0	0	0	0	
вывоз снега в москве	1	1	1	1	0	0	0	0	
вывоз снега в москве с погрузкой	1	1	1	1	0	0	0	0	
вывоз снега в москве с погрузкой цена	1	1	1	1	0	0	0	0	
вывоз снега москва	1	1	1	1	0	0	0	0	
вывоз снега с территории	1	1	1	1	0	0	0	0	
вывоз снега со двора	1	1	1	1	0	0	0	0	
вывоз снега стоимость	1	1	1	1	0	0	0	0	
вывоз снега цена	1	1	1	1	0	0	0	0	
вывоз снега цена за 1 м3	1	1	1	1	0	0	0	0	
заказать трактор для уборки снега	1	1	1	1	0	0	0	0	
куда вывозят снег из города	1	1	1	1	0	0	0	0	
механизированная уборка снега	1	1	1	1	0	0	0	0	
механизированная уборка территории от снега	1	1	1	1	0	0	0	0	
можно ли складировать снег на газонах	1	1	1	1	0	0	0	0	
норматив очистки крыш от снега	1	1	1	1	0	0	0	0	
очистка дорог от снега	1	1	1	1	0	0	0	0	
очистка кровли от снега	1	1	1	1	0	0	0	0	
очистка кровли от снега в москве	1	1	1	1	0	0	0	0	
очистка кровли от снега цена за м2	1	1	1	1	0	0	0	0	
очистка крыш от снега	1	1	1	1	303	18	0	0	
очистка крыш от снега киров	1	1	1	1	0	0	0	0	
очистка крыш от снега нормы требования и ответственность	1	1	1	1	0	0	0	0	
очистка крыш от снега оквэд	1	1	1	1	0	0	0	0	
очистка крыш от снега стоимость	1	1	1	1	0	0	0	0	
очистка крыш от снега цена	1	1	1	1	0	0	0	0	
очистка крыши от снега	1	1	1	1	303	18	18	0	
очистка крыши от снега в москве	1	1	1	1	0	0	0	0	
очистка крыши от снега веревкой	1	1	1	1	0	0	0	0	
очистка крыши от снега инструмент	1	1	1	1	0	0	0	0	
очистка крыши от снега окпд 2	1	1	1	1	0	0	0	0	
очистка крыши от снега своими руками	1	1	1	1	0	0	0	0	
очистка крыши от снега цена	1	1	1	1	0	0	0	0	
очистка от снега	1	1	1	1	0	0	0	0	
очистка от снега крыш	1	1	1	1	0	0	0	0	
очистка от снега расценка в смете	1	1	1	1	0	0	0	0	
очистка снега	1	1	1	1	0	0	0	0	
очистка снега на территории стоимость	1	1	1	1	0	0	0	0	
очистка снега с крыши	1	1	1	1	0	0	0	0	
очистка снега с крыши цена	1	1	1	1	0	0	0	0	
очистка снега с крыши цена за квадратный метр	1	1	1	1	0	0	0	0	
очистка тротуаров от снега	1	1	1	1	0	0	0	0	
очистку крыши здания от снега необходимо производить только	1	1	1	1	0	0	0	0	
погрузка и вывоз снега цена за куб	1	1	1	1	0	0	0	0	
разрешено ли для очистки собственной территории от снега использовать химические	1	1	1	1	0	0	0	0	
расчистка от снега	1	1	1	1	0	0	0	0	
расчистка снега	1	1	1	1	0	0	0	0	
расчистка участка от снега	1	1	1	1	0	0	0	0	
сброс снега с крыши	1	1	1	1	46	0	0	0	
сброс снега с крыши вакансии	1	1	1	1	0	0	0	0	
сброс снега с крыши приспособление	1	1	1	1	0	0	0	0	
сброс снега с крыши томск	1	1	1	1	0	0	0	0	
сброс снега с крыши цена	1	1	1	1	0	0	0	0	
сколько стоит вывоз снега 1 куб	1	1	1	1	0	0	0	0	
сколько стоит почистить снег	1	1	1	1	0	0	0	0	
сколько стоит уборка снега	1	1	1	1	0	0	0	0	
снегоплавильная	1	1	1	1	0	0	0	0	
снегоплавильная машина	1	1	1	1	0	0	0	0	
снегоплавильная станция	1	1	1	1	0	0	0	0	
снегоплавильные пункты	1	1	1	1	0	0	0	0	
снегоплавильные станции	1	1	1	1	0	0	0	0	
снегоплавильные установки	1	1	1	1	0	0	0	0	
снегоплавильный пункт	1	1	1	1	0	0	0	0	
снегоплавильный пункт как работает	1	1	1	1	0	0	0	0	
снегоплавильня	1	1	1	1	0	0	0	0	
снегосплавный пункт	1	1	1	1	0	0	0	0	
снеготаялка для частного дома	1	1	1	1	0	0	0	0	
стоимость вывоза снега за 1 м3	1	1	1	1	0	0	0	0	
стоимость очистки крыши от снега за кв метр	1	1	1	1	0	0	0	0	
стоимость уборки снега	1	1	1	1	0	0	0	0	
топка снега	1	1	1	1	0	0	0	0	
уборка и вывоз снега	1	1	1	1	0	0	0	0	
уборка крыши от снега	1	1	1	1	0	0	0	0	
уборка от снега придомовой территории	1	1	1	1	0	0	0	0	
уборка снега	1	1	1	1	9705	22	22	0	
уборка снега в красногорске	1	1	1	1	0	0	0	0	
уборка снега в москве	1	1	1	1	0	0	0	0	
уборка снега в москве подработка с ежедневной оплатой	1	1	1	1	0	0	0	0	
уборка снега в мытищах	1	1	1	1	0	0	0	0	
уборка снега в чехове	1	1	1	1	0	0	0	0	
уборка снега вручную	1	1	1	1	0	0	0	0	
уборка снега вручную расценка в смете	1	1	1	1	0	0	0	0	
уборка снега вручную цена за м2	1	1	1	1	0	0	0	0	
уборка снега заказать	1	1	1	1	0	0	0	0	
уборка снега москва	1	1	1	1	0	0	0	0	
уборка снега мотоблоком	1	1	1	1	0	0	0	0	
уборка снега на даче	1	1	1	1	0	0	0	0	
уборка снега на участке	1	1	1	1	0	0	0	0	
уборка снега подольск	1	1	1	1	0	0	0	0	
уборка снега с кровли	1	1	1	1	0	0	0	0	
уборка снега с крыш	1	1	1	1	0	0	0	0	
уборка снега с крыши	1	1	1	1	872	6	4	0	
уборка снега с крыши в москве	1	1	1	1	0	0	0	0	
уборка снега с крыши подольск	1	1	1	1	0	0	0	0	
уборка снега с крыши расценка в смете	1	1	1	1	0	0	0	0	
уборка снега с крыши снегоуборщиком	1	1	1	1	0	0	0	0	
уборка снега с крыши цена	1	1	1	1	0	0	0	0	
уборка снега с крыши цена за квадратный метр	1	1	1	1	0	0	0	0	
уборка снега с крыши частного дома	1	1	1	1	0	0	0	0	
уборка снега с участка	1	1	1	1	65	2	2	0	
уборка снега стоимость	1	1	1	1	0	0	0	0	
уборка снега цена	1	1	1	1	0	0	0	0	
уборка снега цена за квадратный метр	1	1	1	1	0	0	0	0	
уборка территории от снега	1	1	1	1	0	0	0	0	
уборка территории от снега цена за м2	1	1	1	1	0	0	0	0	
уборщик снега	1	1	1	1	0	0	0	0	
услуги по очистке снега	1	1	1	1	0	0	0	0	
услуги по уборке снега	1	1	1	1	0	0	0	0	
утилизация снега	1	1	1	1	0	0	0	0	
утилизация снега цена за 1 куб	1	1	1	1	0	0	0	0	
чем убрать снег с крыши	1	1	1	1	0	0	0	0	
чем чистить крышу от снега	1	1	1	1	0	0	0	0	
чистка дорог от снега	1	1	1	1	0	0	0	0	
чистка кровли от снега	1	1	1	1	97	4	2	0	
чистка кровли от снега в москве	1	1	1	1	0	0	0	0	
чистка кровли от снега москва	1	1	1	1	0	0	0	0	
чистка кровли от снега цена	1	1	1	1	0	0	0	0	
чистка кровли от снега цена за м2	1	1	1	1	0	0	0	0	
чистка крыш многоквартирных домов от снега	1	1	1	1	0	0	0	0	
чистка крыш от снега	1	1	1	1	92	3	0	0	
чистка крыш от снега вакансии	1	1	1	1	0	0	0	0	
чистка крыш от снега киров	1	1	1	1	0	0	0	0	
чистка крыш от снега фото	1	1	1	1	0	0	0	0	
чистка крыш от снега цена	1	1	1	1	0	0	0	0	
чистка крыши от снега	1	1	1	1	92	3	3	0	
чистка крыши от снега веревкой	1	1	1	1	0	0	0	0	
чистка крыши от снега москва	1	1	1	1	0	0	0	0	
чистка крыши от снега приспособление	1	1	1	1	0	0	0	0	
чистка крыши от снега стоимость	1	1	1	1	0	0	0	0	
чистка крыши от снега цена	1	1	1	1	0	0	0	0	
чистка крыши от снега цена за квадратный метр	1	1	1	1	0	0	0	0	
чистка крыши от снега частного дома	1	1	1	1	0	0	0	0	
чистка снега	1	1	1	1	0	0	0	0	
чистка снега вручную	1	1	1	1	0	0	0	0	
чистка снега с кровли	1	1	1	1	0	0	0	0	
чистка снега с крыш москва	1	1	1	1	0	0	0	0	
чистка снега с крыш цена	1	1	1	1	0	0	0	0	
чистка снега с крыши	1	1	1	1	0	0	0	0	
чистка снега с крыши в москве	1	1	1	1	0	0	0	0	
чистка снега с крыши москва	1	1	1	1	0	0	0	0	
чистка снега с крыши цена	1	1	1	1	0	0	0	0	
чистка снега с крыши цена за м2	1	1	1	1	0	0	0	0	
чистка снега с крыши частного дома цена	1	1	1	1	0	0	0	0	
чистка территории от снега	1	1	1	1	0	0	0	0	
является ли снег отходом	1	1	1	1	0	0	0	0	
авито вывоз мусора	2	2	2	2	645	118	118	5	/Дом/Покупки/Бытовые услуги/Прочее
авито вывоз мусора с дачи	2	2	2	2	4	2	2	1	/Дом/Покупки/Бытовые услуги/Прочее
балашиха вывоз мусора	2	2	2	2	955	147	146	0	
бункер 8 кубов вывоз мусора	2	2	2	2	45	14	14	0	
вывоз мусора	2	2	2	2	102789	2287	2269	0	
вывоз мусора 20 кубов	2	2	2	2	256	48	48	0	
вывоз мусора 20 кубов цена	2	2	2	2	0	0	0	0	
вывоз мусора 27 кубов	2	2	2	2	87	5	5	0	
вывоз мусора 8 кубов	2	2	2	2	622	16	13	0	
вывоз мусора 8 кубов цена	2	2	2	2	0	0	0	0	
вывоз мусора авито	2	2	2	2	0	0	0	0	
вывоз мусора балашиха	2	2	2	2	0	0	0	0	
вывоз мусора бронницы с дачного участка	2	2	2	2	0	0	0	0	
вывоз мусора бытового	2	2	2	2	0	0	0	0	
вывоз мусора в звенигороде	2	2	2	2	0	0	0	0	
вывоз мусора в москве	2	2	2	2	0	0	0	0	
вывоз мусора в москве из квартиры с грузчиками цена	2	2	2	2	0	0	0	0	
вывоз мусора в москве из квартиры с грузчиками цена недорого	2	2	2	2	0	0	0	0	
вывоз мусора в одинцово	2	2	2	2	0	0	0	0	
вывоз мусора в одинцовском районе	2	2	2	2	0	0	0	0	
вывоз мусора в подмосковье	2	2	2	2	0	0	0	0	
вывоз мусора грузовичков	2	2	2	2	0	0	0	0	
вывоз мусора грузовичкофф	2	2	2	2	0	0	0	0	
вывоз мусора грузчиками	2	2	2	2	1632	7	0	0	
вывоз мусора дзержинский московская область	2	2	2	2	0	0	0	0	
вывоз мусора домодедово	2	2	2	2	0	0	0	0	
вывоз мусора и мебели из квартиры	2	2	2	2	0	0	0	0	
вывоз мусора и старой мебели	2	2	2	2	0	0	0	0	
вывоз мусора из квартиры	2	2	2	2	0	0	0	0	
вывоз мусора из квартиры в москве	2	2	2	2	0	0	0	0	
вывоз мусора из квартиры в москве недорого с грузчиками	2	2	2	2	0	0	0	0	
вывоз мусора из квартиры с грузчиками	2	2	2	2	0	0	0	0	
вывоз мусора москва	2	2	2	2	9208	603	601	0	
вывоз мусора москва мос ру	2	2	2	2	0	0	0	0	
вывоз мусора москва недорого	2	2	2	2	0	0	0	0	
вывоз мусора москва недорого из квартиры с грузчиками	2	2	2	2	0	0	0	0	
вывоз мусора москва с грузчиками	2	2	2	2	0	0	0	0	
вывоз мусора москва с грузчиками из квартиры цена	2	2	2	2	0	0	0	0	
вывоз мусора москва цена	2	2	2	2	0	0	0	0	
вывоз мусора московская область	2	2	2	2	3995	34	30	0	
вывоз мусора московская область для частных домов	2	2	2	2	0	0	0	0	
вывоз мусора московская область тариф	2	2	2	2	0	0	0	0	
вывоз мусора мытищи недорого	2	2	2	2	0	0	0	0	
вывоз мусора недорого	2	2	2	2	939	15	15	0	
вывоз мусора одинцово	2	2	2	2	644	101	101	0	
вывоз мусора одинцово недорого	2	2	2	2	0	0	0	0	
вывоз мусора подмосковье	2	2	2	2	1103	20	20	0	
вывоз мусора подольск	2	2	2	2	0	0	0	0	
вывоз мусора после пожара в московской области	2	2	2	2	0	0	0	0	
вывоз мусора после пожара на даче	2	2	2	2	0	0	0	0	
вывоз мусора пухто	2	2	2	2	0	0	0	0	
вывоз мусора пухто 27 кубов	2	2	2	2	0	0	0	0	
вывоз мусора раменский район московской области	2	2	2	2	0	0	0	0	
вывоз мусора с дачи	2	2	2	2	301	38	38	0	
вывоз мусора с дачи в подмосковье	2	2	2	2	0	0	0	0	
вывоз мусора с дачи в подмосковье с грузчиками цены	2	2	2	2	0	0	0	0	
вывоз мусора с дачи с грузчиками цена	2	2	2	2	0	0	0	0	
вывоз мусора с дачного участка с грузчиками	2	2	2	2	0	0	0	0	
вывоз мусора с квартиры	2	2	2	2	0	0	0	0	
вывоз мусора с участка	2	2	2	2	814	95	95	0	
вывоз мусора с участка московская область	2	2	2	2	0	0	0	0	
вывоз мусора с участка московская область цена	2	2	2	2	0	0	0	0	
вывоз мусора с участка цена	2	2	2	2	0	0	0	0	
вывоз мусора сайт	2	2	2	2	0	0	0	0	
вывоз мусора строительного	2	2	2	2	0	0	0	0	
вывоз мусора фото	2	2	2	2	0	0	0	0	
вывоз мусора цена	2	2	2	2	3437	102	93	0	
вывоз мусора цена за 1 м3	2	2	2	2	0	0	0	0	
вывоз мусора цена за куб	2	2	2	2	0	0	0	0	
вывоз мусора цена за тонну	2	2	2	2	0	0	0	0	
вывоз мусора цена с человека 2026	2	2	2	2	0	0	0	0	
грузовичкофф вывоз мусора с грузчиками	2	2	2	2	0	0	0	0	
домодедово вывоз мусора	2	2	2	2	0	0	0	0	
заказать вывоз мусора	2	2	2	2	0	0	0	0	
заключить договор на вывоз мусора	2	2	2	2	0	0	0	0	
заявка на вывоз мусора	2	2	2	2	0	0	0	0	
как рассчитывается вывоз мусора в подмосковье в частном доме	2	2	2	2	0	0	0	0	
кто отвечает за вывоз мусора в многоквартирном доме	2	2	2	2	0	0	0	0	
мкм логистика вывоз мусора в москве	2	2	2	2	0	0	0	0	
москва вывоз мусора	2	2	2	2	0	0	0	0	
московская область одинцово улица маршала бирюзова 15 вывоз мусора в одинцово	2	2	2	2	0	0	0	0	
нужно ли платить за вывоз мусора если в квартире никто не прописан	2	2	2	2	0	0	0	0	
нужно ли платить за вывоз мусора если никто не прописан в квартире	2	2	2	2	0	0	0	0	
нужно ли платить за вывоз мусора на даче если платишь в городе	2	2	2	2	0	0	0	0	
одинцово вывоз мусора	2	2	2	2	0	0	0	0	
оплата за вывоз мусора	2	2	2	2	0	0	0	0	
осиг вывоз мусора	2	2	2	2	0	0	0	0	
подольск вывоз мусора	2	2	2	2	0	0	0	0	
пухто вывоз мусора	2	2	2	2	0	0	0	0	
рузский региональный оператор вывоз мусора одинцово	2	2	2	2	0	0	0	0	
сколько стоит вывоз мусора	2	2	2	2	0	0	0	0	
сколько стоит вывоз мусора в подмосковье в квартире	2	2	2	2	0	0	0	0	
тариф за вывоз мусора с человека	2	2	2	2	0	0	0	0	
уборка и вывоз мусора с дачного участка	2	2	2	2	0	0	0	0	
хартия вывоз мусора	2	2	2	2	0	0	0	0	
чистое подмосковье коломна вывоз мусора	2	2	2	2	0	0	0	0	
эколайн вывоз мусора москва	2	2	2	2	0	0	0	0	
экопарк вывоз мусора	2	2	2	2	0	0	0	0	
аренда дробилки для дерева	3	3	3	3	116	42	20	0	/Справки/Транспорт/Такси и прокат автомобиля
болезни плодовых деревьев	3	3	3	3	4702	38	36	0	
болезни плодовых деревьев описание с фотографиями	3	3	3	3	41	13	13	0	
болезнь деревьев	3	3	3	3	22072	44	13	0	
весенняя обработка деревьев	3	3	3	3	0	0	0	0	
весенняя обработка плодовых деревьев и кустарников ранней весной	3	3	3	3	0	0	0	0	
виды прививки деревьев	3	3	3	3	0	0	0	0	
виды прививок деревьев	3	3	3	3	0	0	0	0	
виды прививок плодовых деревьев	3	3	3	3	0	0	0	0	
выкорчевывание деревьев на участке цена	3	3	3	3	0	0	0	0	
дерево весной	3	3	3	3	0	0	0	0	
дерево крона	3	3	3	3	0	0	0	0	
дерево с дуплом	3	3	3	3	0	0	0	0	
дупло в дереве	3	3	3	3	0	0	0	0	
дупло дерева	3	3	3	3	0	0	0	0	
жуки которые едят дерево	3	3	3	3	0	0	0	0	
заболевание деревьев	3	3	3	3	0	0	0	0	
замазка для деревьев	3	3	3	3	0	0	0	0	
запил дерева при валке	3	3	3	3	0	0	0	0	
зачем нужна побелка деревьев	3	3	3	3	0	0	0	0	
известь для деревьев зачем	3	3	3	3	0	0	0	0	
измельчение деревьев в щепу услуги	3	3	3	3	0	0	0	0	
как в дереве появляется дупло	3	3	3	3	0	0	0	0	
как и когда обрезать деревья	3	3	3	3	0	0	0	0	
как избавиться от деревьев на участке навсегда химическим способом	3	3	3	3	0	0	0	0	
как избавиться от корней деревьев	3	3	3	3	0	0	0	0	
как называется дырка в дереве	3	3	3	3	0	0	0	0	
как не платить за мусор в частном доме в деревне если там никто не живет	3	3	3	3	0	0	0	0	
как образуется дупло в дереве	3	3	3	3	0	0	0	0	
как обрезать дерево	3	3	3	3	0	0	0	0	
как обрезать деревья плодовые	3	3	3	3	0	0	0	0	
как обрезать фруктовые деревья	3	3	3	3	0	0	0	0	
как понять что дерево погибло	3	3	3	3	0	0	0	0	
как появляется дупло в дереве	3	3	3	3	0	0	0	0	
как сделать прививку дереву	3	3	3	3	0	0	0	0	
как селитрой уничтожить корень дерева без выкорчевки	3	3	3	3	0	0	0	0	
как украсить гирляндой дерево на улице самостоятельно	3	3	3	3	0	0	0	0	
как уничтожить дерево на участке химическим методом	3	3	3	3	0	0	0	0	
как уничтожить корень дерева	3	3	3	3	0	0	0	0	
как ухаживать за деревьями весной	3	3	3	3	0	0	0	0	
калировка деревьев	3	3	3	3	0	0	0	0	
когда высаживать саженцы плодовых деревьев	3	3	3	3	0	0	0	0	
когда делать прививку деревьев	3	3	3	3	0	0	0	0	
когда лучше обрезать деревья	3	3	3	3	0	0	0	0	
когда лучше обрезать плодовые деревья	3	3	3	3	0	0	0	0	
когда можно весной обрезать плодовые деревья	3	3	3	3	0	0	0	0	
когда можно обрезать деревья	3	3	3	3	0	0	0	0	
когда можно обрезать деревья плодовые	3	3	3	3	0	0	0	0	
когда можно обрезать плодовые деревья	3	3	3	3	0	0	0	0	
когда надо обрезать деревья	3	3	3	3	0	0	0	0	
когда нужно обрезать деревья	3	3	3	3	0	0	0	0	
когда нужно обрезать деревья плодовые	3	3	3	3	0	0	0	0	
когда нужно обрезать плодовые деревья	3	3	3	3	0	0	0	0	
когда обрезать деревья	3	3	3	3	0	0	0	0	
когда обрезать деревья в саду	3	3	3	3	0	0	0	0	
когда обрезать деревья весной	3	3	3	3	0	0	0	0	
когда обрезать плодовые деревья	3	3	3	3	0	0	0	0	
когда обрезать плодовые деревья весной	3	3	3	3	0	0	0	0	
крон дерева	3	3	3	3	0	0	0	0	
крона дерева что такое	3	3	3	3	0	0	0	0	
крона дерева что это	3	3	3	3	0	0	0	0	
крона дерева это	3	3	3	3	0	0	0	0	
крона деревьев	3	3	3	3	0	0	0	0	
крона у дерева это	3	3	3	3	0	0	0	0	
крона что это такое у дерева	3	3	3	3	0	0	0	0	
крона это у дерева что такое	3	3	3	3	0	0	0	0	
кроны деревьев	3	3	3	3	0	0	0	0	
кроны деревьев что это	3	3	3	3	0	0	0	0	
кроны деревьев это	3	3	3	3	0	0	0	0	
куда звонить если упало дерево на дорогу	3	3	3	3	0	0	0	0	
лечение деревьев	3	3	3	3	0	0	0	0	
методы прививки плодовых деревьев	3	3	3	3	0	0	0	0	
можно ли вырубать деревья на собственном участке	3	3	3	3	0	0	0	0	
можно ли обрезать плодовые деревья зимой	3	3	3	3	0	0	0	0	
окулировка плодовых деревьев	3	3	3	3	0	0	0	0	
очистка участка от деревьев и кустарников цена	3	3	3	3	0	0	0	0	
побелка деревьев	3	3	3	3	0	0	0	0	
подрезка деревьев	3	3	3	3	0	0	0	0	
полив плодовых деревьев	3	3	3	3	0	0	0	0	
прививание деревьев	3	3	3	3	0	0	0	0	
прививание плодовых деревьев	3	3	3	3	0	0	0	0	
прививка дерева	3	3	3	3	0	0	0	0	
прививка плодовых деревьев	3	3	3	3	0	0	0	0	
разборка деревянного дома	3	3	3	3	0	0	0	0	
разборка деревянного дома стоимость работ	3	3	3	3	0	0	0	0	
распил дерева	3	3	3	3	0	0	0	0	
растет ли дерево зимой	3	3	3	3	0	0	0	0	
сколько стоит выкорчевать деревья на участке	3	3	3	3	0	0	0	0	
срубленное дерево	3	3	3	3	0	0	0	0	
уборка дачного участка от деревьев и кустарников	3	3	3	3	0	0	0	0	
упало дерево	3	3	3	3	0	0	0	0	
чем замазать срез дерева вместо садового вара	3	3	3	3	0	0	0	0	
чем осенью удобрить деревья и кустарники	3	3	3	3	0	0	0	0	
чем удобрить осенью деревья и кустарники	3	3	3	3	0	0	0	0	
что такое крона дерева	3	3	3	3	0	0	0	0	
что такое кроны деревьев	3	3	3	3	0	0	0	0	
аренда мусорного контейнера	4	4	4	4	739	135	33	0	
аренда мусорных контейнеров	4	4	4	4	739	135	83	0	
вывоз мусора в мытищах контейнером	4	4	4	4	0	0	0	0	
вывоз мусора в щелково недорого контейнер	4	4	4	4	0	0	0	0	
вывоз мусора контейнер 20 кубов	4	4	4	4	0	0	0	0	
вывоз мусора контейнер 27 кубов сколько стоит	4	4	4	4	0	0	0	0	
вывоз мусора контейнер 8 кубов	4	4	4	4	0	0	0	0	
вывоз мусора контейнер 8 кубов цена	4	4	4	4	0	0	0	0	
вывоз мусора контейнер 8 м3 москва	4	4	4	4	0	0	0	0	
вывоз мусора контейнер москва	4	4	4	4	0	0	0	0	
вывоз мусора контейнер москва недорого	4	4	4	4	0	0	0	0	
вывоз мусора контейнерами	4	4	4	4	0	0	0	0	
вывоз мусора контейнером	4	4	4	4	11991	648	198	0	
вывоз мусора контейнером 20м3	4	4	4	4	0	0	0	0	
вывоз мусора контейнером 8 м3	4	4	4	4	0	0	0	0	
вывоз мусора контейнером 8м3	4	4	4	4	0	0	0	0	
вывоз мусора контейнером цена	4	4	4	4	0	0	0	0	
вывоз мусора красногорск контейнер	4	4	4	4	0	0	0	0	
вывоз мусора москва контейнер	4	4	4	4	0	0	0	0	
вывоз мусора москва контейнер 8 м3	4	4	4	4	0	0	0	0	
вывоз мусора москва контейнер 8 м3 цена	4	4	4	4	0	0	0	0	
вывоз мусора одинцово контейнер	4	4	4	4	0	0	0	0	
вывоз мусора одинцово контейнер 8 м3 цена	4	4	4	4	0	0	0	0	
вывоз мусора одинцово недорого контейнер	4	4	4	4	0	0	0	0	
вывоз мусора подольск контейнер 8 кубов	4	4	4	4	0	0	0	0	
вывоз мусора цена за контейнер	4	4	4	4	0	0	0	0	
вывоз строительного мусора контейнером	4	4	4	4	0	0	0	0	
вывоз строительного мусора москва контейнер	4	4	4	4	0	0	0	0	
заказ контейнера для вывоза мусора	4	4	4	4	0	0	0	0	
заказ строительного контейнера для вывоза мусора	4	4	4	4	0	0	0	0	
заказать контейнер для вывоза мусора	4	4	4	4	0	0	0	0	
заказать контейнер для мусора	4	4	4	4	0	0	0	0	
заказать контейнер для мусора в москве	4	4	4	4	0	0	0	0	
заказать контейнер под мусор	4	4	4	4	0	0	0	0	
заказать мусорный контейнер	4	4	4	4	0	0	0	0	
контейнер 20 кубов для мусора	4	4	4	4	0	0	0	0	
контейнер 8 кубов вывоз мусора	4	4	4	4	0	0	0	0	
контейнер 8 кубов для мусора	4	4	4	4	0	0	0	0	
контейнер 8 кубов для мусора купить	4	4	4	4	0	0	0	0	
контейнер 8м3 для мусора	4	4	4	4	0	0	0	0	
контейнер вывоз мусора	4	4	4	4	0	0	0	0	
контейнер вывоз мусора 8 кубов	4	4	4	4	0	0	0	0	
контейнер вывоз мусора москва	4	4	4	4	0	0	0	0	
контейнер для вывоза мусора	4	4	4	4	0	0	0	0	
контейнер для вывоза мусора заказать	4	4	4	4	0	0	0	0	
контейнер для вывоза мусора заказать в москве	4	4	4	4	0	0	0	0	
контейнер для крупногабаритного мусора	4	4	4	4	0	0	0	0	
контейнер для мусора 8 кубов	4	4	4	4	0	0	0	0	
контейнер для мусора 8м3	4	4	4	4	0	0	0	0	
контейнер для мусора аренда	4	4	4	4	0	0	0	0	
контейнер для мусора заказать	4	4	4	4	0	0	0	0	
контейнер для мусора заказать в москве	4	4	4	4	0	0	0	0	
контейнер для мусора строительного	4	4	4	4	0	0	0	0	
контейнер для строительного мусора	4	4	4	4	0	0	0	0	
контейнер мусора вывоз	4	4	4	4	0	0	0	0	
контейнер мусорный 8 кубов	4	4	4	4	0	0	0	0	
контейнер мусорный 8 кубов купить	4	4	4	4	0	0	0	0	
контейнер мусорный 8 м3	4	4	4	4	0	0	0	0	
контейнер мусорный заказать	4	4	4	4	0	0	0	0	
контейнер мусорный цена	4	4	4	4	0	0	0	0	
контейнер на 8 кубов на вывоз мусора	4	4	4	4	0	0	0	0	
контейнер под мусор 8м3 вывоз цена	4	4	4	4	0	0	0	0	
контейнер под строительный мусор	4	4	4	4	0	0	0	0	
контейнеры для крупногабаритного мусора в москве на карте	4	4	4	4	0	0	0	0	
купить контейнер 8 кубов для мусора	4	4	4	4	0	0	0	0	
купить контейнер для мусора 8 кубов	4	4	4	4	0	0	0	0	
можно ли выбрасывать строительный мусор в контейнер у дома по закону	4	4	4	4	0	0	0	0	
мусорный контейнер 8 кубов	4	4	4	4	0	0	0	0	
мусорный контейнер 8 кубов купить	4	4	4	4	0	0	0	0	
мусорный контейнер 8 м3	4	4	4	4	0	0	0	0	
мусорный контейнер 8 м3 заказать	4	4	4	4	0	0	0	0	
мусорный контейнер вывоз мусора	4	4	4	4	0	0	0	0	
мусорный контейнер заказать	4	4	4	4	0	0	0	0	
объем контейнера для мусора стандарт м3	4	4	4	4	0	0	0	0	
объем мусорного контейнера	4	4	4	4	0	0	0	0	
сколько мусорных контейнеров в белобоге	4	4	4	4	0	0	0	0	
сколько стоит вывоз мусора в подмосковье контейнер	4	4	4	4	0	0	0	0	
штраф за выброс строительного мусора в контейнер возле дома	4	4	4	4	0	0	0	0	
авито спил деревьев цена	5	5	5	5	6	3	3	0	/Дом/Квартира и дача/Ландшафтный дизайн
безопасный спил дерева	5	5	5	5	1	0	0	0	
заявление на спил дерева на кладбище в администрацию образец	5	5	5	5	0	0	0	0	
как убрать пенек спиленного дерева	5	5	5	5	0	0	0	0	
как удалить пень от спиленного дерева без выкорчевки быстро с помощью селитры	5	5	5	5	0	0	0	0	
как уничтожить пенек от спиленного дерева без выкорчевки	5	5	5	5	0	0	0	0	
как уничтожить пень от спиленного дерева	5	5	5	5	0	0	0	0	
как уничтожить пень от спиленного дерева без выкорчевки	5	5	5	5	0	0	0	0	
как уничтожить пень от спиленного дерева без выкорчевки быстро	5	5	5	5	0	0	0	0	
как уничтожить пень от спиленного дерева без выкорчевки быстро и легко	5	5	5	5	0	0	0	0	
кто отвечает за спил деревьев на кладбище	5	5	5	5	0	0	0	0	
сколько стоит спилить дерево	5	5	5	5	0	0	0	0	
спил больших деревьев	5	5	5	5	82	4	1	0	
спил веток деревьев цена	5	5	5	5	0	0	0	0	
спил высоких деревьев	5	5	5	5	16	0	0	0	
спил дерева	5	5	5	5	11228	615	98	0	
спил дерева вектор	5	5	5	5	0	0	0	0	
спил дерева как называется	5	5	5	5	0	0	0	0	
спил дерева купить	5	5	5	5	0	0	0	0	
спил дерева на даче	5	5	5	5	41	2	1	0	
спил дерева на кладбище	5	5	5	5	126	10	4	0	
спил дерева на кладбище цена	5	5	5	5	0	0	0	0	
спил дерева на придомовой территории многоквартирного дома	5	5	5	5	0	0	0	0	
спил дерева под лэп	5	5	5	5	3	0	0	0	
спил дерева расценка в смете	5	5	5	5	0	0	0	0	
спил дерева фото	5	5	5	5	0	0	0	0	
спил дерева целиком	5	5	5	5	1	1	1	0	
спил дерева цена	5	5	5	5	588	30	16	0	
спил дерева цена в московской области	5	5	5	5	0	0	0	0	
спил дерева цена работы	5	5	5	5	0	0	0	0	
спил дерева это	5	5	5	5	0	0	0	0	
спил деревьев	5	5	5	5	11228	615	461	0	
спил деревьев в дмитровском районе	5	5	5	5	0	0	0	0	
спил деревьев в москве	5	5	5	5	0	0	0	0	
спил деревьев в московской области	5	5	5	5	0	0	0	0	
спил деревьев в московской области цена за штуку	5	5	5	5	0	0	0	0	
спил деревьев в московской области цены	5	5	5	5	0	0	0	0	
спил деревьев в раменском районе	5	5	5	5	0	0	0	0	
спил деревьев в смоленске цена за работу	5	5	5	5	0	0	0	0	
спил деревьев в ярославле недорого цена	5	5	5	5	0	0	0	0	
спил деревьев во дворе многоквартирного дома закон	5	5	5	5	0	0	0	0	
спил деревьев истра	5	5	5	5	23	6	6	0	
спил деревьев какой оквэд	5	5	5	5	0	0	0	0	
спил деревьев красногорск	5	5	5	5	17	6	6	0	
спил деревьев луганск цена	5	5	5	5	0	0	0	0	
спил деревьев москва	5	5	5	5	268	5	2	0	
спил деревьев московская область	5	5	5	5	570	2	2	0	
спил деревьев мытищи	5	5	5	5	18	3	3	0	
спил деревьев на кладбище	5	5	5	5	0	0	0	0	
спил деревьев на кладбище законодательство	5	5	5	5	0	0	0	0	
спил деревьев на кладбище кто отвечает	5	5	5	5	0	0	0	0	
спил деревьев на кладбище цена	5	5	5	5	0	0	0	0	
спил деревьев одинцово	5	5	5	5	32	22	22	0	
спил деревьев пушкино	5	5	5	5	21	5	3	0	
спил деревьев раменское	5	5	5	5	82	21	21	0	
спил деревьев расценка в смете	5	5	5	5	0	0	0	0	
спил деревьев химки	5	5	5	5	2	2	2	0	
спил деревьев цена	5	5	5	5	588	30	14	0	
спил огромных деревьев	5	5	5	5	0	0	0	0	
спил старого дерева	5	5	5	5	51	0	0	0	
спил сухих деревьев	5	5	5	5	69	4	3	0	
спил сухих деревьев правила	5	5	5	5	0	0	0	0	
спилить дерево у дома куда обращаться	5	5	5	5	0	0	0	0	
утилизация спиленных деревьев	5	5	5	5	0	0	0	0	
чем замазать спил дерева после обрезки	5	5	5	5	0	0	0	0	
чем обработать спил дерева после обрезки	5	5	5	5	0	0	0	0	
штраф за спил дерева	5	5	5	5	203	22	18	0	
штраф за спил дерева в городе	5	5	5	5	0	0	0	0	
штраф за спил дерева в лесу	5	5	5	5	0	0	0	0	
штраф за спил дерева в москве	5	5	5	5	0	0	0	0	
штраф за спил дерева в московской области	5	5	5	5	0	0	0	0	
штраф за спил дерева во дворе многоквартирного дома	5	5	5	5	0	0	0	0	
штраф за спил дерева возле дома	5	5	5	5	0	0	0	0	
штраф за спил деревьев без разрешения	5	5	5	5	0	0	0	0	
штраф за спиленное дерево	5	5	5	5	0	0	0	0	
авито обрезка деревьев	6	6	6	6	157	11	11	1	/Дом/Квартира и дача/Ландшафтный дизайн
весенняя обрезка плодовых деревьев	6	6	6	6	0	0	0	0	
весенняя обрезка сливы	6	6	6	6	0	0	0	0	
замазка для дерева после обрезки	6	6	6	6	0	0	0	0	
как делать обрезку деревьев	6	6	6	6	0	0	0	0	
когда делать обрезку деревьев	6	6	6	6	0	0	0	0	
когда делать обрезку плодовых деревьев	6	6	6	6	0	0	0	0	
когда делают обрезку деревьев плодовых	6	6	6	6	0	0	0	0	
когда делают обрезку плодовых деревьев	6	6	6	6	0	0	0	0	
когда проводить обрезку плодовых деревьев	6	6	6	6	0	0	0	0	
обрезка весной сливы	6	6	6	6	0	0	0	0	
обрезка веток	6	6	6	6	1553	2	2	0	
обрезка веток деревьев	6	6	6	6	0	0	0	0	
обрезка веток деревьев как называется	6	6	6	6	0	0	0	0	
обрезка веток деревьев расценка в смете	6	6	6	6	0	0	0	0	
обрезка веток на высоте инструмент	6	6	6	6	0	0	0	0	
обрезка веток на кольцо	6	6	6	6	0	0	0	0	
обрезка веток сосны	6	6	6	6	0	0	0	0	
обрезка деревьев	6	6	6	6	20551	490	483	0	
обрезка деревьев в домодедово	6	6	6	6	0	0	0	0	
обрезка деревьев в москве	6	6	6	6	0	0	0	0	
обрезка деревьев в московской области	6	6	6	6	0	0	0	0	
обрезка деревьев в чехове	6	6	6	6	0	0	0	0	
обрезка деревьев весной	6	6	6	6	0	0	0	0	
обрезка деревьев весной когда начинать	6	6	6	6	0	0	0	0	
обрезка деревьев заказать	6	6	6	6	0	0	0	0	
обрезка деревьев плодовых	6	6	6	6	0	0	0	0	
обрезка деревьев расценка в смете	6	6	6	6	0	0	0	0	
обрезка деревьев цена	6	6	6	6	556	25	20	0	
обрезка деревьев цена в подмосковье	6	6	6	6	0	0	0	0	
обрезка на кольцо плодовых деревьев что значит	6	6	6	6	0	0	0	0	
обрезка плодовых деревьев	6	6	6	6	4193	318	313	0	
обрезка плодовых деревьев в коломне	6	6	6	6	0	0	0	0	
обрезка плодовых деревьев в подмосковье цена	6	6	6	6	0	0	0	0	
обрезка плодовых деревьев в подмосковье цена за штуку	6	6	6	6	0	0	0	0	
обрезка плодовых деревьев в подмосковье цена за штуку профессиональная	6	6	6	6	0	0	0	0	
обрезка плодовых деревьев весной	6	6	6	6	0	0	0	0	
обрезка плодовых деревьев весной для начинающих видео	6	6	6	6	0	0	0	0	
обрезка плодовых деревьев осенью для начинающих в картинках	6	6	6	6	0	0	0	0	
обрезка плодовых деревьев стоимость	6	6	6	6	0	0	0	0	
обрезка плодовых деревьев услуги	6	6	6	6	0	0	0	0	
обрезка плодовых деревьев цена московская область	6	6	6	6	0	0	0	0	
обрезка сливы	6	6	6	6	0	0	0	0	
обрезка сливы весной	6	6	6	6	0	0	0	0	
обрезка сливы весной для начинающих	6	6	6	6	0	0	0	0	
обрезка сливы весной когда и как правильно обрезать	6	6	6	6	0	0	0	0	
обрезка формовочная	6	6	6	6	0	0	0	0	
правила обрезки деревьев	6	6	6	6	0	0	0	0	
правила обрезки деревьев в городе	6	6	6	6	0	0	0	0	
правила обрезки деревьев на придомовой территории	6	6	6	6	0	0	0	0	
правила обрезки плодовых деревьев	6	6	6	6	0	0	0	0	
правила обрезки плодовых деревьев весной схема для начинающих	6	6	6	6	0	0	0	0	
правильная обрезка деревьев	6	6	6	6	0	0	0	0	
правильная обрезка плодовых деревьев	6	6	6	6	0	0	0	0	
сколько стоит обрезка деревьев в подмосковье цена за штуку	6	6	6	6	0	0	0	0	
слива обрезка	6	6	6	6	0	0	0	0	
сроки весенней обрезки плодовых деревьев	6	6	6	6	0	0	0	0	
сроки обрезки деревьев	6	6	6	6	0	0	0	0	
сроки обрезки деревьев весной	6	6	6	6	0	0	0	0	
сроки обрезки деревьев осенью	6	6	6	6	0	0	0	0	
сроки обрезки плодовых деревьев	6	6	6	6	0	0	0	0	
сроки обрезки плодовых деревьев весной в средней полосе россии	6	6	6	6	0	0	0	0	
сроки обрезки плодовых деревьев осенью в средней	6	6	6	6	0	0	0	0	
сроки обрезки хвойных деревьев	6	6	6	6	0	0	0	0	
сроки осенней обрезки деревьев	6	6	6	6	0	0	0	0	
формовочная обрезка деревьев	6	6	6	6	0	0	0	0	
формовочная обрезка деревьев это	6	6	6	6	0	0	0	0	
чем обработать срез дерева после обрезки	6	6	6	6	0	0	0	0	
чем обработать срез растения после обрезки	6	6	6	6	0	0	0	0	
аис порубочные билеты	7	7	7	7	54	46	43	1	/Справки/Транспорт/Автобусное сообщение
вывоз порубочных	7	7	7	7	125	1	1	0	
вывоз порубочных остатков	7	7	7	7	114	14	14	0	
вывоз порубочных остатков в москве	7	7	7	7	0	0	0	0	
вывоз порубочных остатков в московской области	7	7	7	7	0	0	0	0	
вывоз порубочных остатков расценка в смете	7	7	7	7	0	0	0	0	
вырубка деревьев без порубочного билета ответственность	7	7	7	7	0	0	0	0	
закрытие порубочного билета	7	7	7	7	0	0	0	0	
как оформить порубочный билет	7	7	7	7	0	0	0	0	
как оформить порубочный билет в московской области через госуслуги пошаговая	7	7	7	7	0	0	0	0	
как получить порубочный билет	7	7	7	7	346	58	58	0	
как получить порубочный билет в москве	7	7	7	7	0	0	0	0	
как получить порубочный билет в московской области	7	7	7	7	0	0	0	0	
как получить порубочный билет в московской области для физических лиц	7	7	7	7	0	0	0	0	
как получить порубочный билет в московской области для физических лиц на своем участке	7	7	7	7	0	0	0	0	
как получить порубочный билет в московской области через госуслуги	7	7	7	7	0	0	0	0	
как получить порубочный билет на елку	7	7	7	7	0	0	0	0	
как получить порубочный билет на свой участок	7	7	7	7	0	0	0	0	
как получить порубочный билет через госуслуги	7	7	7	7	0	0	0	0	
кто выдает порубочный билет	7	7	7	7	0	0	0	0	
окпд 2 вывоз порубочных остатков	7	7	7	7	0	0	0	0	
оформление порубочного билета	7	7	7	7	0	0	0	0	
получение порубочного билета	7	7	7	7	0	0	0	0	
получить порубочный билет в московской области для физических лиц	7	7	7	7	0	0	0	0	
порубочные билеты	7	7	7	7	0	0	0	0	
порубочные остатки	7	7	7	7	0	0	0	0	
порубочный билет	7	7	7	7	5451	402	387	0	
порубочный билет в москве	7	7	7	7	0	0	0	0	
порубочный билет в московской области	7	7	7	7	0	0	0	0	
порубочный билет мос ру	7	7	7	7	0	0	0	0	
порубочный билет москва	7	7	7	7	631	53	51	0	
порубочный билет москва как получить	7	7	7	7	0	0	0	0	
порубочный билет московская область	7	7	7	7	807	105	104	0	
порубочный билет московская область как получить	7	7	7	7	0	0	0	0	
порубочный билет московская область на своем участке	7	7	7	7	0	0	0	0	
порубочный билет московская область стоимость	7	7	7	7	0	0	0	0	
порубочный билет московская область цена	7	7	7	7	0	0	0	0	
порубочный билет московская область цена за дерево	7	7	7	7	0	0	0	0	
порубочный билет московская область цена за дерево на своем участке	7	7	7	7	0	0	0	0	
порубочный билет на вырубку деревьев	7	7	7	7	0	0	0	0	
порубочный билет на вырубку деревьев кто выдает	7	7	7	7	0	0	0	0	
порубочный билет на вырубку деревьев на своем участке в московской области как оформить	7	7	7	7	0	0	0	0	
порубочный билет через госуслуги как оформить	7	7	7	7	0	0	0	0	
порубочный билет что это такое	7	7	7	7	0	0	0	0	
порубочный билет это	7	7	7	7	0	0	0	0	
порубочный билет это что такое	7	7	7	7	0	0	0	0	
санитарная обрезка деревьев нужен ли порубочный билет	7	7	7	7	0	0	0	0	
сколько стоит порубочный билет	7	7	7	7	0	0	0	0	
утилизация порубочных остатков	7	7	7	7	0	0	0	0	
утилизация порубочных остатков законодательство	7	7	7	7	0	0	0	0	
утилизация порубочных остатков расценка в смете	7	7	7	7	0	0	0	0	
фккоsdf для порубочных	7	7	7	7	0	0	0	0	
где получить разрешение на спил дерева на своем участке	8	8	8	8	0	0	0	0	
как получить разрешение на спил дерева на своем участке в московской области	8	8	8	8	0	0	0	0	
как спилить дерево на своем участке по закону	8	8	8	8	0	0	0	0	
какой штраф за спил дерева без разрешения на своем участке	8	8	8	8	0	0	0	0	
можно ли вырубать деревья на своем участке	8	8	8	8	0	0	0	0	
можно ли на своем участке вырубать деревья	8	8	8	8	0	0	0	0	
можно ли на своем участке пилить деревья	8	8	8	8	0	0	0	0	
можно ли на своем участке рубить деревья	8	8	8	8	0	0	0	0	
можно ли на своем участке спиливать деревья	8	8	8	8	0	0	0	0	
можно ли на своем участке спиливать деревья без разрешения	8	8	8	8	0	0	0	0	
можно ли на своем участке спилить дерево	8	8	8	8	0	0	0	0	
можно ли на своем участке срубить дерево	8	8	8	8	0	0	0	0	
можно ли пилить деревья на своем участке	8	8	8	8	0	0	0	0	
можно ли пилить деревья на своем участке который в собственности	8	8	8	8	0	0	0	0	
можно ли рубить деревья на своем участке по закону	8	8	8	8	0	0	0	0	
можно ли спиливать деревья на своем участке	8	8	8	8	0	0	0	0	
можно ли спиливать деревья на своем участке без разрешения	8	8	8	8	0	0	0	0	
можно ли спилить березу на своем участке	8	8	8	8	0	0	0	0	
можно ли спилить дерево на своем участке земли по закону	8	8	8	8	0	0	0	0	
можно ли спилить на своем участке дерево	8	8	8	8	0	0	0	0	
можно ли срубать деревья на своем участке который в собственности	8	8	8	8	0	0	0	0	
можно ли срубить дерево на своем участке	8	8	8	8	0	0	0	0	
можно ли срубить дерево на своем участке без разрешения	8	8	8	8	0	0	0	0	
надо ли брать разрешение на спил дерева на своем участке	8	8	8	8	0	0	0	0	
нужно ли получать разрешение на спил дерева на собственном участке	8	8	8	8	0	0	0	0	
разрешение на спил дерева на своем участке в подмосковье	8	8	8	8	0	0	0	0	
сколько стоит спил дерева на участке московская область	8	8	8	8	0	0	0	0	
сколько стоит спил деревьев на участке цена за работу	8	8	8	8	0	0	0	0	
спил больших деревьев на участке цены	8	8	8	8	0	0	0	0	
спил высоких деревьев на участке	8	8	8	8	0	0	0	0	
спил дерева на своем участке	8	8	8	8	0	0	0	0	
спил дерева на своем участке цена	8	8	8	8	0	0	0	0	
спил дерева на участке	8	8	8	8	758	64	0	0	
спил дерева на участке цена	8	8	8	8	0	0	0	0	
спил деревьев на участке	8	8	8	8	0	0	0	0	
спил деревьев на участке в снт	8	8	8	8	0	0	0	0	
спил деревьев на участке в собственности закон	8	8	8	8	0	0	0	0	
спил деревьев на участке ижс	8	8	8	8	0	0	0	0	
спил деревьев на участке цены московская область	8	8	8	8	0	0	0	0	
спилить дерево на своем участке	8	8	8	8	0	0	0	0	
спилить дерево на своем участке можно ли	8	8	8	8	0	0	0	0	
спилить дерево на своем участке разрешение нужно или нет	8	8	8	8	0	0	0	0	
спилить дерево на своем участке цена	8	8	8	8	0	0	0	0	
цена за спил дерева на участке	8	8	8	8	0	0	0	0	
штраф за спил дерева на своем участке	8	8	8	8	0	0	0	0	
штраф за спил дерева на собственном участке	8	8	8	8	0	0	0	0	
штраф за спил дерева на собственном участке в московской области	8	8	8	8	0	0	0	0	
вес 1 м2 рубероида при демонтаже	9	9	9	9	0	0	0	0	
вес бетона в 1 м3 при демонтаже в смете	9	9	9	9	0	0	0	0	
вес кирпичной кладки в 1 м3 при демонтаже	9	9	9	9	0	0	0	0	
вес мусора при демонтаже в смете	9	9	9	9	0	0	0	0	
вес рубероида 1 м2 при демонтаже	9	9	9	9	0	0	0	0	
вес строительного мусора в 1 м3 таблица при демонтаже в смете	9	9	9	9	0	0	0	0	
вес щебня в 1 м3 при демонтаже в смете	9	9	9	9	0	0	0	0	
демонтаж вывески на фасаде здания	9	9	9	9	0	0	0	0	
демонтаж деревянного дома	9	9	9	9	250	25	21	0	
демонтаж деревянного дома стоимость	9	9	9	9	0	0	0	0	
демонтаж деревянного дома стоимость работ	9	9	9	9	0	0	0	0	
демонтаж деревянного дома цена	9	9	9	9	0	0	0	0	
демонтаж деревянного дома цена за 1м2	9	9	9	9	0	0	0	0	
демонтаж деревянных домов	9	9	9	9	0	0	0	0	
демонтаж и вывоз старой кухни	9	9	9	9	0	0	0	0	
демонтаж квартиры под ключ	9	9	9	9	0	0	0	0	
демонтаж квартиры под ключ цена	9	9	9	9	0	0	0	0	
демонтаж кирпичного дома	9	9	9	9	69	1	1	0	
демонтаж кирпичного дома цена	9	9	9	9	0	0	0	0	
демонтаж металлического гаража	9	9	9	9	0	0	0	0	
демонтаж металлического гаража расценка в смете	9	9	9	9	0	0	0	0	
демонтаж плитки в бане	9	9	9	9	0	0	0	0	
демонтаж под ключ	9	9	9	9	225	6	6	0	
демонтаж построек	9	9	9	9	178	1	0	0	
демонтаж построек на участке	9	9	9	9	0	0	0	0	
демонтаж сантехкабины в панельном доме цена москва под ключ	9	9	9	9	0	0	0	0	
демонтаж старой мебели и вывоз	9	9	9	9	0	0	0	0	
демонтаж старых построек	9	9	9	9	0	0	0	0	
какие дачи идут под снос в костанае	9	9	9	9	0	0	0	0	
расчистка после сноса	9	9	9	9	0	0	0	0	
сколько стоит демонтаж деревянного дома с вывозом мусора	9	9	9	9	0	0	0	0	
снос абайские дачи	9	9	9	9	0	0	0	0	
снос построек	9	9	9	9	1846	3	3	0	
снос построек на дачном участке цена и вывоз	9	9	9	9	0	0	0	0	
снос самовольных построек	9	9	9	9	0	0	0	0	
снос старого дома	9	9	9	9	899	20	3	0	
снос старого дома 4 буквы	9	9	9	9	0	0	0	0	
снос старого дома и постройка нового	9	9	9	9	0	0	0	0	
снос старого дома и постройка нового оформление 2020	9	9	9	9	0	0	0	0	
снос старого дома на участке	9	9	9	9	0	0	0	0	
снос старого дома на участке как оформить	9	9	9	9	0	0	0	0	
снос старого дома на участке стоимость	9	9	9	9	0	0	0	0	
снос старого дома на участке цена	9	9	9	9	0	0	0	0	
снос старого дома цена	9	9	9	9	0	0	0	0	
снос старых построек на земельном участке цена	9	9	9	9	0	0	0	0	
аммиачная селитра для удаления пней	10	10	10	10	34	22	22	0	/Бизнес/Производство и поставки/Агропром/Сельское хозяйство/Удобрения
выкорчевывание пня	10	10	10	10	398	18	6	0	
как выкорчевать пни на участке	10	10	10	10	0	0	0	0	
как выкорчевывать пни вручную	10	10	10	10	0	0	0	0	
как избавиться от пней	10	10	10	10	0	0	0	0	
как избавиться от пней на участке	10	10	10	10	0	0	0	0	
как избавиться от пня	10	10	10	10	0	0	0	0	
как избавиться от пня на участке	10	10	10	10	0	0	0	0	
как убрать пень без корчевания	10	10	10	10	0	0	0	0	
как убрать пни на участке	10	10	10	10	0	0	0	0	
как удалить пень на участке без корчевания быстро и легко	10	10	10	10	0	0	0	0	
как уничтожить корни спиленных деревьев и кустарников без корчевания	10	10	10	10	0	0	0	0	
корчевание деревьев	10	10	10	10	0	0	0	0	
корчевание пней	10	10	10	10	1113	57	55	0	
корчевание пней вручную	10	10	10	10	0	0	0	0	
корчевание пней лебедкой	10	10	10	10	0	0	0	0	
корчевание пней мини экскаватором	10	10	10	10	0	0	0	0	
корчевание пней на участке своими руками	10	10	10	10	0	0	0	0	
корчевание пней на участке цена	10	10	10	10	0	0	0	0	
корчевание пней на участке цена московская область	10	10	10	10	0	0	0	0	
корчевание пней расценка в смете	10	10	10	10	0	0	0	0	
корчевание пней своими руками	10	10	10	10	0	0	0	0	
корчевание пней трактором	10	10	10	10	0	0	0	0	
корчевание это	10	10	10	10	0	0	0	0	
корчевка	10	10	10	10	0	0	0	0	
корчевка пней	10	10	10	10	0	0	0	0	
удаление пней	10	10	10	10	1258	62	59	0	
удаление пней 8 букв	10	10	10	10	0	0	0	0	
удаление пней без корчевания	10	10	10	10	0	0	0	0	
удаление пней на участке	10	10	10	10	0	0	0	0	
удаление пней на участке своими руками	10	10	10	10	0	0	0	0	
удаление пней на участке цена в подмосковье	10	10	10	10	0	0	0	0	
удаление пней с помощью аммиачной селитры	10	10	10	10	0	0	0	0	
удаление пней селитрой какой лучше	10	10	10	10	0	0	0	0	
удаление пней фрезой	10	10	10	10	0	0	0	0	
удаление пней цена	10	10	10	10	0	0	0	0	
удалитель пней	10	10	10	10	0	0	0	0	
фрезеровка пня	10	10	10	10	27	7	3	0	
аренда дробилки веток	11	11	11	11	182	8	6	0	/Справки/Транспорт/Такси и прокат автомобиля
вывоз веток	11	11	11	11	727	111	111	0	
вывоз веток белгород	11	11	11	11	0	0	0	0	
вывоз веток и деревьев с участка	11	11	11	11	0	0	0	0	
вывоз веток и деревьев с участка с грузчиками	11	11	11	11	0	0	0	0	
вывоз веток и деревьев с участка цена	11	11	11	11	0	0	0	0	
вывоз веток с дачного участка в московской области цена	11	11	11	11	0	0	0	0	
вывоз веток с придомовой территории	11	11	11	11	0	0	0	0	
вывоз веток с участка	11	11	11	11	0	0	0	0	
вывоз веток с участка цена московская область	11	11	11	11	0	0	0	0	
вывоз деревьев и веток с участка	11	11	11	11	0	0	0	0	
измельчение веток	11	11	11	11	447	28	28	0	
измельчение веток в щепу	11	11	11	11	0	0	0	0	
измельчение веток в щепу оборудование	11	11	11	11	0	0	0	0	
измельчение веток в щепу цена	11	11	11	11	0	0	0	0	
измельчение веток на участке	11	11	11	11	0	0	0	0	
измельчение веток на участке услуга	11	11	11	11	0	0	0	0	
измельчение веток на участке цена	11	11	11	11	0	0	0	0	
измельчение веток расценка в смете	11	11	11	11	0	0	0	0	
измельчение веток цена услуги	11	11	11	11	0	0	0	0	
москва веткина 4	11	11	11	11	0	0	0	0	
москва веткина улица 4	11	11	11	11	0	0	0	0	
переработка веток	11	11	11	11	282	15	13	0	
переработка веток в мульчу	11	11	11	11	0	0	0	0	
переработка веток в опилки	11	11	11	11	0	0	0	0	
переработка веток в щепу	11	11	11	11	0	0	0	0	
переработка веток в щепу оборудование	11	11	11	11	0	0	0	0	
переработка веток в щепу оборудование аренда	11	11	11	11	0	0	0	0	
переработка веток в щепу оборудование для дачи	11	11	11	11	0	0	0	0	
переработка веток в щепу оборудование для дачи купить	11	11	11	11	0	0	0	0	
переработка веток на участке	11	11	11	11	0	0	0	0	
переработка веток от деревьев	11	11	11	11	0	0	0	0	
247 ст ук рф	12	12	12	12	134	55	55	0	/Общество/Власть/Силовые структуры/Правоохранительные органы
247 статья ук рф	12	12	12	12	80	48	48	0	/Общество/Власть/Силовые структуры/Правоохранительные органы
260 ук рф незаконная рубка лесных насаждений	12	12	12	12	21	4	4	0	/Общество/Власть/Силовые структуры/Правоохранительные органы
вырубка леса статья ук рф	12	12	12	12	0	0	0	0	
договор с ук на обслуживание	12	12	12	12	61	2	2	0	
договор с ук на обслуживание дома	12	12	12	12	0	0	0	0	
договор с ук на обслуживание дома где взять	12	12	12	12	0	0	0	0	
договор с ук на обслуживание дома на что обратить внимание	12	12	12	12	0	0	0	0	
договор с ук на обслуживание дома на что обратить внимание при заключении	12	12	12	12	0	0	0	0	
договор с ук на обслуживание дома образец	12	12	12	12	0	0	0	0	
договор с ук на обслуживание дома образец готовый	12	12	12	12	0	0	0	0	
договор с ук на обслуживание нежилого помещения	12	12	12	12	0	0	0	0	
если не платить ук за обслуживание дома что будет	12	12	12	12	0	0	0	0	
может ли ук поднять тариф на обслуживание и содержание жилья	12	12	12	12	0	0	0	0	
незаконная вырубка деревьев статья ук рф	12	12	12	12	0	0	0	0	
незаконная вырубка леса статья ук	12	12	12	12	0	0	0	0	
незаконная вырубка леса статья ук рф	12	12	12	12	0	0	0	0	
незаконная рубка леса статья ук	12	12	12	12	0	0	0	0	
незаконная рубка леса статья ук рф	12	12	12	12	0	0	0	0	
обслуживание ук	12	12	12	12	948	0	0	0	
ооо ук посадское обслуживание домов сергиев посад официальный сайт	12	12	12	12	0	0	0	0	
ст 247 ук рф	12	12	12	12	0	0	0	0	
ст 260 ук рф незаконная рубка лесных насаждений	12	12	12	12	0	0	0	0	
статья ук рф 247	12	12	12	12	0	0	0	0	
ук 247	12	12	12	12	0	0	0	0	
ук вывоз мусора договор	12	12	12	12	7	0	0	0	
ук комплексное обслуживание железногорск курская область	12	12	12	12	0	0	0	0	
ук посадское обслуживание домов	12	12	12	12	0	0	0	0	
ук посадское обслуживание домов сергиев посад	12	12	12	12	0	0	0	0	
ук рф 247	12	12	12	12	0	0	0	0	
ук рф ст 247	12	12	12	12	0	0	0	0	
вакансии промальп москва	13	13	13	13	23	6	4	0	
зарплата промышленного альпиниста	13	13	13	13	0	0	0	0	
пром альпинизм	13	13	13	13	0	0	0	0	
промальп москва	13	13	13	13	104	13	13	0	
промальп что это	13	13	13	13	0	0	0	0	
промальпинизм	13	13	13	13	0	0	0	0	
промышленные альпинисты москва услуги цена	13	13	13	13	0	0	0	0	
промышленный альпинизм	13	13	13	13	2415	365	360	0	
промышленный альпинизм вакансии	13	13	13	13	0	0	0	0	
промышленный альпинизм москва	13	13	13	13	0	0	0	0	
промышленный альпинизм обучение	13	13	13	13	0	0	0	0	
промышленный альпинизм обучение в москве	13	13	13	13	0	0	0	0	
промышленный альпинизм услуги	13	13	13	13	0	0	0	0	
промышленный альпинизм цены на услуги в москве	13	13	13	13	0	0	0	0	
промышленный альпинизм это	13	13	13	13	0	0	0	0	
промышленный альпинист	13	13	13	13	0	0	0	0	
промышленный альпинист кто это	13	13	13	13	0	0	0	0	
промышленный альпинист москва	13	13	13	13	0	0	0	0	
промышленный альпинист москва вакансии	13	13	13	13	0	0	0	0	
промышленный альпинист москва зарплата	13	13	13	13	0	0	0	0	
промышленный альпинист обучение москва	13	13	13	13	0	0	0	0	
промышленный альпинист удостоверение	13	13	13	13	0	0	0	0	
промышленный альпинист что делает	13	13	13	13	0	0	0	0	
промышленный альпинист это	13	13	13	13	0	0	0	0	
промышленный альпинист это кто	13	13	13	13	0	0	0	0	
работа промышленным альпинистом	13	13	13	13	0	0	0	0	
работа промышленным альпинистом вакансии	13	13	13	13	0	0	0	0	
спил дерева промальп	13	13	13	13	0	0	0	0	
услуги промальпа	13	13	13	13	8	3	0	0	
что делает промышленный альпинист	13	13	13	13	0	0	0	0	
демонтаж дома	14	14	14	14	2596	434	426	0	
демонтаж дома деревянного	14	14	14	14	0	0	0	0	
демонтаж дома деревянного цена за работу	14	14	14	14	0	0	0	0	
демонтаж дома и вывоз мусора	14	14	14	14	0	0	0	0	
демонтаж дома и вывоз мусора в московской области	14	14	14	14	0	0	0	0	
демонтаж дома и вывоз мусора цена	14	14	14	14	0	0	0	0	
демонтаж дома одесса	14	14	14	14	0	0	0	0	
демонтаж дома после пожара	14	14	14	14	0	0	0	0	
демонтаж дома стоимость	14	14	14	14	0	0	0	0	
демонтаж дома цена	14	14	14	14	0	0	0	0	
демонтаж дома это	14	14	14	14	0	0	0	0	
демонтаж домов	14	14	14	14	0	0	0	0	
демонтаж домов и вывоз мусора	14	14	14	14	0	0	0	0	
демонтаж домов цена	14	14	14	14	0	0	0	0	
сколько стоит демонтаж дома из кирпича	14	14	14	14	0	0	0	0	
снос дома	14	14	14	14	46820	454	395	0	
снос дома по реновации по адресу	14	14	14	14	0	0	0	0	
снос дома под ключ	14	14	14	14	0	0	0	0	
снос дома под ключ с вывозом	14	14	14	14	0	0	0	0	
снос дома после пожара	14	14	14	14	0	0	0	0	
снос дома стоимость	14	14	14	14	0	0	0	0	
снос дома цена	14	14	14	14	0	0	0	0	
снос дома цена подмосковье	14	14	14	14	0	0	0	0	
снос дома цена подмосковье с вывозом мусора	14	14	14	14	0	0	0	0	
снос домов в люберцах	14	14	14	14	0	0	0	0	
снос домов в москве до 2030 на карте москвы список	14	14	14	14	0	0	0	0	
снос домов в новороссийске	14	14	14	14	0	0	0	0	
снос домов в подольске	14	14	14	14	0	0	0	0	
снос домов в пушкинском районе	14	14	14	14	0	0	0	0	
снос домов по реновации сроки по адресу москва	14	14	14	14	0	0	0	0	
вырубка деревьев	15	15	15	15	7008	176	174	0	
вырубка деревьев в бирюлево западное	15	15	15	15	0	0	0	0	
вырубка деревьев в москве	15	15	15	15	0	0	0	0	
вырубка деревьев москва	15	15	15	15	512	29	29	0	
вырубка деревьев на арендованном земельном участке	15	15	15	15	0	0	0	0	
вырубка деревьев на земельном участке в частной собственности	15	15	15	15	0	0	0	0	
вырубка деревьев на садовом участке	15	15	15	15	0	0	0	0	
вырубка деревьев на собственном участке	15	15	15	15	0	0	0	0	
вырубка деревьев на собственном участке закон разъяснение	15	15	15	15	0	0	0	0	
вырубка деревьев на участке	15	15	15	15	0	0	0	0	
вырубка деревьев на участке московская область	15	15	15	15	0	0	0	0	
вырубка деревьев покровское стрешнево	15	15	15	15	0	0	0	0	
вырубка деревьев цена	15	15	15	15	0	0	0	0	
вырубка елей	15	15	15	15	292	0	0	0	
вырубка елки	15	15	15	15	0	0	0	0	
вырубка елки штраф	15	15	15	15	0	0	0	0	
вырубка зеленых насаждений	15	15	15	15	0	0	0	0	
вырубка леса под строительство	15	15	15	15	125	0	0	0	
вырубка леса статья	15	15	15	15	0	0	0	0	
как получить разрешение на вырубку леса	15	15	15	15	0	0	0	0	
незаконная вырубка деревьев	15	15	15	15	0	0	0	0	
незаконная вырубка елей	15	15	15	15	0	0	0	0	
незаконная вырубка елки	15	15	15	15	0	0	0	0	
незаконная вырубка леса	15	15	15	15	0	0	0	0	
незаконная вырубка леса статья	15	15	15	15	0	0	0	0	
разрешение на вырубку деревьев	15	15	15	15	0	0	0	0	
разрешение на вырубку деревьев московская область	15	15	15	15	0	0	0	0	
участок для вырубки леса	15	15	15	15	0	0	0	0	
штраф за вырубку деревьев	15	15	15	15	0	0	0	0	
окпд 2 чистка кровли от снега и наледи	16	16	16	16	0	0	0	0	
ответственность за сосульки на балконе	16	16	16	16	0	0	0	0	
очистка кровли от снега и наледи	16	16	16	16	0	0	0	0	
очистка кровли от снега и наледи цена	16	16	16	16	0	0	0	0	
очистка кровли от снега и наледи цена в москве	16	16	16	16	0	0	0	0	
очистка крыш от снега и наледи	16	16	16	16	0	0	0	0	
очистка крыши от снега и наледи цены	16	16	16	16	0	0	0	0	
сбить сосульки с крыши цена	16	16	16	16	0	0	0	0	
уборка кровли от снега и наледи цены	16	16	16	16	0	0	0	0	
уборка крыш от снега и наледи	16	16	16	16	0	0	0	0	
уборка наледи	16	16	16	16	0	0	0	0	
уборка наледи с крыши	16	16	16	16	0	0	0	0	
уборка снега и наледи	16	16	16	16	0	0	0	0	
уборка снега и наледи с крыш	16	16	16	16	0	0	0	0	
удаление наледи	16	16	16	16	30	0	0	0	
удаление наледи с крыши	16	16	16	16	0	0	0	0	
чистка кровли от снега и наледи	16	16	16	16	0	0	0	0	
чистка кровли от снега и наледи цена	16	16	16	16	0	0	0	0	
чистка кровли от снега и наледи цена в москве	16	16	16	16	0	0	0	0	
чистка крыш от снега и наледи	16	16	16	16	17	0	0	0	
чистка крыши от снега и наледи	16	16	16	16	0	0	0	0	
чистка крыши от снега и наледи цены	16	16	16	16	0	0	0	0	
штраф за несбитые сосульки	16	16	16	16	0	0	0	0	
штраф за сосульки	16	16	16	16	14	0	0	0	
штраф за сосульки на балконе	16	16	16	16	0	0	0	0	
штраф за сосульки на крыше	16	16	16	16	0	0	0	0	
вес мусора строительного	17	17	17	17	0	0	0	0	
вес строительного мусора	17	17	17	17	0	0	0	0	
вывоз строительного мусора	17	17	17	17	10284	1219	1208	0	
вывоз строительного мусора 8 кубов	17	17	17	17	0	0	0	0	
вывоз строительного мусора авито	17	17	17	17	0	0	0	0	
вывоз строительного мусора в москве	17	17	17	17	0	0	0	0	
вывоз строительного мусора в одинцово	17	17	17	17	0	0	0	0	
вывоз строительного мусора домодедово	17	17	17	17	0	0	0	0	
вывоз строительного мусора красногорск	17	17	17	17	0	0	0	0	
вывоз строительного мусора москва	17	17	17	17	0	0	0	0	
вывоз строительного мусора мытищи	17	17	17	17	0	0	0	0	
вывоз строительного мусора одинцово	17	17	17	17	0	0	0	0	
вывоз строительного мусора подмосковье	17	17	17	17	0	0	0	0	
вывоз строительного мусора пушкино московская область	17	17	17	17	0	0	0	0	
вывоз строительного мусора сколько стоит	17	17	17	17	0	0	0	0	
код фкко строительный мусор	17	17	17	17	0	0	0	0	
мусор строительный	17	17	17	17	0	0	0	0	
мусор строительный какой класс груза в смете	17	17	17	17	0	0	0	0	
мусор строительный это	17	17	17	17	0	0	0	0	
оссиг вывоз строительного мусора московская область	17	17	17	17	0	0	0	0	
сколько стоит вывоз строительного мусора в подмосковье	17	17	17	17	0	0	0	0	
строительный мусор	17	17	17	17	0	0	0	0	
строительный мусор фкко	17	17	17	17	0	0	0	0	
строительный мусор это	17	17	17	17	0	0	0	0	
фкко мусор строительный	17	17	17	17	0	0	0	0	
как правильно кронировать деревья	18	18	18	18	0	0	0	0	
кронирование	18	18	18	18	0	0	0	0	
кронирование березы	18	18	18	18	19	7	1	0	
кронирование дерева	18	18	18	18	0	0	0	0	
кронирование деревьев	18	18	18	18	862	142	130	0	
кронирование деревьев в москве	18	18	18	18	0	0	0	0	
кронирование деревьев нормы и правила	18	18	18	18	0	0	0	0	
кронирование деревьев расценка в смете	18	18	18	18	0	0	0	0	
кронирование деревьев цена московская область	18	18	18	18	0	0	0	0	
кронирование деревьев что	18	18	18	18	0	0	0	0	
кронирование деревьев что это	18	18	18	18	0	0	0	0	
кронирование деревьев что это значит	18	18	18	18	0	0	0	0	
кронирование деревьев что это такое	18	18	18	18	0	0	0	0	
кронирование деревьев это	18	18	18	18	0	0	0	0	
кронирование деревьев это что	18	18	18	18	0	0	0	0	
кронирование деревьев это что такое	18	18	18	18	0	0	0	0	
кронирование ели	18	18	18	18	15	2	1	0	
кронирование клена	18	18	18	18	1	0	0	0	
кронирование сосны	18	18	18	18	14	4	4	0	
кронирование сосны обыкновенной	18	18	18	18	0	0	0	0	
кронирование тополя	18	18	18	18	55	6	3	0	
кронирование это	18	18	18	18	0	0	0	0	
кронировать	18	18	18	18	0	0	0	0	
кронировать деревья это	18	18	18	18	0	0	0	0	
можно ли кронировать березу	18	18	18	18	0	0	0	0	
расчистка дачного участка от деревьев и кустарников	19	19	19	19	0	0	0	0	
расчистка заросшего участка	19	19	19	19	25	2	2	0	
расчистка территории от деревьев и кустарников цена	19	19	19	19	0	0	0	0	
расчистка участка	19	19	19	19	4479	295	260	0	
расчистка участка и вывоз мусора	19	19	19	19	0	0	0	0	
расчистка участка клин	19	19	19	19	0	0	0	0	
расчистка участка москва	19	19	19	19	0	0	0	0	
расчистка участка мульчером	19	19	19	19	0	0	0	0	
расчистка участка от деревьев	19	19	19	19	672	42	39	0	
расчистка участка от деревьев и кустарников	19	19	19	19	0	0	0	0	
расчистка участка от деревьев и кустарников расценка	19	19	19	19	0	0	0	0	
расчистка участка от деревьев и кустарников расценка в смете	19	19	19	19	0	0	0	0	
расчистка участка от деревьев и кустарников реал эстейт	19	19	19	19	0	0	0	0	
расчистка участка от деревьев и кустарников своими руками	19	19	19	19	0	0	0	0	
расчистка участка от деревьев и кустарников цена	19	19	19	19	0	0	0	0	
расчистка участка от деревьев и кустарников цена за сотку	19	19	19	19	0	0	0	0	
расчистка участка от деревьев и кустарников цена московская область	19	19	19	19	0	0	0	0	
расчистка участка от деревьев цена	19	19	19	19	0	0	0	0	
расчистка участка от кустарника	19	19	19	19	510	1	0	0	
расчистка участка от кустарников	19	19	19	19	0	0	0	0	
расчистка участка от кустарников и мелколесья цена	19	19	19	19	0	0	0	0	
расчистка участка от леса	19	19	19	19	0	0	0	0	
расчистка участка цена	19	19	19	19	0	0	0	0	
сколько стоит расчистка участка от деревьев и кустарников цена за 1 сотку	19	19	19	19	0	0	0	0	
стоимость расчистки участка от деревьев и кустарников цена за сотку	19	19	19	19	0	0	0	0	
москва маленковская улица 14 корп 3 дровосек- удаление деревьев	20	20	20	20	0	0	0	0	
удаление дерева	20	20	20	20	3619	170	11	0	
удаление дерева на участке цена	20	20	20	20	0	0	0	0	
удаление деревьев	20	20	20	20	3619	170	156	0	
удаление деревьев 9 букв сканворд	20	20	20	20	0	0	0	0	
удаление деревьев в москве	20	20	20	20	0	0	0	0	
удаление деревьев в московской области цены	20	20	20	20	0	0	0	0	
удаление деревьев москва	20	20	20	20	107	45	45	0	
удаление деревьев на участке	20	20	20	20	0	0	0	0	
удаление деревьев на участке в московской области	20	20	20	20	0	0	0	0	
удаление деревьев на участке в московской области цены	20	20	20	20	0	0	0	0	
удаление деревьев на участке цена	20	20	20	20	0	0	0	0	
удаление деревьев ногинск	20	20	20	20	0	0	0	0	
удаление деревьев с участка	20	20	20	20	0	0	0	0	
удаление деревьев цена	20	20	20	20	417	53	30	0	
удаление деревьев цена московская область	20	20	20	20	0	0	0	0	
удаление деревьев цена московская область за штуку	20	20	20	20	0	0	0	0	
удаление корней деревьев на участке цена	20	20	20	20	0	0	0	0	
удаление поверхностного слоя дерева камня 7 букв	20	20	20	20	0	0	0	0	
удаление старой краски с дерева своими руками	20	20	20	20	0	0	0	0	
выплаты за снос гаража в москве 2026	21	21	21	21	0	0	0	0	
демонтаж гаража	21	21	21	21	232	16	7	0	
демонтаж гаража и вывоз металлолома	21	21	21	21	0	0	0	0	
демонтаж гаража на металлолом	21	21	21	21	0	0	0	0	
демонтаж гаража расценка в смете	21	21	21	21	0	0	0	0	
демонтаж гаража цена	21	21	21	21	0	0	0	0	
договор на демонтаж гаража нежилое	21	21	21	21	0	0	0	0	
договор на демонтаж гаража нежилое шаблон	21	21	21	21	0	0	0	0	
кас дача снос гаражей	21	21	21	21	0	0	0	0	
компенсация за снос гаража в москве 2026	21	21	21	21	0	0	0	0	
компенсация за снос гаража в москве в гаражном кооперативе	21	21	21	21	0	0	0	0	
сколько выплачивают за снос гаража в москве	21	21	21	21	0	0	0	0	
сколько стоит демонтаж гаража	21	21	21	21	0	0	0	0	
снос гаража	21	21	21	21	12881	51	1	0	
снос гаража в собственности компенсация	21	21	21	21	0	0	0	0	
снос гаража как самовольной постройки судебная практика	21	21	21	21	0	0	0	0	
снос гаражей в бибирево на корнейчука	21	21	21	21	0	0	0	0	
снос гаражей кас дача	21	21	21	21	0	0	0	0	
снос гаражей на берзарина	21	21	21	21	0	0	0	0	
аварийно-диспетчерское обслуживание тсж включает	22	22	22	22	0	0	0	0	/Бизнес/Недвижимость/Управляющие компании
аварийное обслуживание тсж	22	22	22	22	0	0	0	1	/Бизнес/Недвижимость/Управляющие компании
договор с тсж	22	22	22	22	554	0	0	0	
договор с тсж на обслуживание многоквартирного дома	22	22	22	22	0	0	0	0	
договор с тсж на оказание услуг	22	22	22	22	0	0	0	0	
должно ли тсж заключать договор управления с собственниками	22	22	22	22	0	0	0	0	
кто подписывает трудовой договор с председателем тсж	22	22	22	22	0	0	0	0	
обслуживание тсж	22	22	22	22	166	0	0	0	
обслуживание тсж включает	22	22	22	22	0	0	0	0	
техническое обслуживание тсж включает	22	22	22	22	0	0	0	0	
трудовой договор с дворником тсж образец	22	22	22	22	0	0	0	0	
трудовой договор с председателем правления тсж	22	22	22	22	0	0	0	0	
трудовой договор с председателем тсж	22	22	22	22	0	0	0	0	
тсж условия создания	22	22	22	22	0	0	0	0	
условия для создания тсж	22	22	22	22	0	0	0	0	
условия создания тсж	22	22	22	22	0	0	0	0	
условия создания тсж в многоквартирном доме	22	22	22	22	0	0	0	0	
покос травы	23	23	23	23	4693	127	125	0	
покос травы 6 соток цена	23	23	23	23	0	0	0	0	
покос травы как правильно написать	23	23	23	23	0	0	0	0	
покос травы мотоблоком	23	23	23	23	0	0	0	0	
покос травы на участке	23	23	23	23	0	0	0	0	
покос травы оквэд	23	23	23	23	0	0	0	0	
покос травы окпд 2	23	23	23	23	0	0	0	0	
покос травы расценка в смете гэсн	23	23	23	23	0	0	0	0	
покос травы триммером	23	23	23	23	0	0	0	0	
покос травы триммером цена за м2	23	23	23	23	0	0	0	0	
покос травы триммером цена за сотку	23	23	23	23	0	0	0	0	
покос травы цена за м2	23	23	23	23	0	0	0	0	
покос травы цена за сотку московская область	23	23	23	23	0	0	0	0	
покос травы чехов	23	23	23	23	0	0	0	0	
покос травы это	23	23	23	23	0	0	0	0	
покосить траву	23	23	23	23	0	0	0	0	
демонтаж сарая	24	24	24	24	186	9	8	0	
демонтаж сарая на даче цена	24	24	24	24	0	0	0	0	
демонтаж сарая на даче цена и вывоз мусора	24	24	24	24	0	0	0	0	
демонтаж сарая цена	24	24	24	24	0	0	0	0	
демонтаж сарая цена за работу	24	24	24	24	0	0	0	0	
демонтаж сарая цена за работу сколько стоит	24	24	24	24	0	0	0	0	
демонтаж сарая цена за работу сколько стоит деревянного	24	24	24	24	0	0	0	0	
договор на демонтаж сарая	24	24	24	24	0	0	0	0	
договор на снос сарая	24	24	24	24	0	0	0	0	
нужно ли разрешение на снос сарая	24	24	24	24	0	0	0	0	
сколько стоит демонтаж сарая	24	24	24	24	0	0	0	0	
снос сарая	24	24	24	24	216	5	3	0	
снос сарая и вывоз мусора	24	24	24	24	0	0	0	0	
снос сарая и вывоз мусора цена	24	24	24	24	0	0	0	0	
снос сарая цена	24	24	24	24	0	0	0	0	
вывоз крупногабаритного мусора	25	25	25	25	750	104	99	0	
вывоз крупногабаритного мусора в москве	25	25	25	25	0	0	0	0	
вывоз крупногабаритного мусора из квартиры	25	25	25	25	0	0	0	0	
вывоз крупногабаритного мусора из квартиры москва	25	25	25	25	0	0	0	0	
вывоз крупногабаритного мусора мос ру	25	25	25	25	0	0	0	0	
вывоз крупногабаритного мусора москва	25	25	25	25	0	0	0	0	
вывоз крупногабаритного мусора московская область	25	25	25	25	0	0	0	0	
вывоз крупногабаритного мусора химки	25	25	25	25	0	0	0	0	
крупногабаритный мусор	25	25	25	25	0	0	0	0	
крупногабаритный мусор кто должен вывозить из многоквартирных домов	25	25	25	25	0	0	0	0	
крупногабаритный мусор куда выкидывать	25	25	25	25	0	0	0	0	
крупногабаритный мусор это какие отходы	25	25	25	25	0	0	0	0	
кто должен вывозить крупногабаритный мусор из многоквартирных домов	25	25	25	25	0	0	0	0	
куда выкидывать крупногабаритный мусор	25	25	25	25	0	0	0	0	
аренда измельчителя	26	26	26	26	1340	15	13	0	/Справки/Транспорт/Такси и прокат автомобиля
аренда измельчителя веток	26	26	26	26	912	176	79	0	/Справки/Транспорт/Такси и прокат автомобиля
аренда измельчителя веток в московской области	26	26	26	26	53	18	18	0	/Справки/Транспорт/Такси и прокат автомобиля
аренда измельчителя веток и древесины	26	26	26	26	94	27	27	0	/Справки/Транспорт/Такси и прокат автомобиля
аренда измельчителя веток и древесины московская область	26	26	26	26	51	42	42	1	/Дом/Квартира и дача/Дача и участок/Дачная техника и инвентарь
аренда измельчителя деревьев	26	26	26	26	75	25	8	0	/Дом/Квартира и дача/Дача и участок/Дачная техника и инвентарь
аренда измельчителя для веток	26	26	26	26	32	4	1	0	/Дом/Квартира и дача/Дача и участок/Дачная техника и инвентарь
аренда измельчителя древесины	26	26	26	26	163	19	7	1	/Бизнес/Строительство/Стройматериалы/Лесо- и пиломатериалы
аренда измельчителя пней	26	26	26	26	54	21	3	0	/Справки/Транспорт/Такси и прокат автомобиля
дробление веток	26	26	26	26	0	0	0	0	
дробление веток в щепу	26	26	26	26	0	0	0	0	
дробление пней	26	26	26	26	0	0	0	0	
дробление пня	26	26	26	26	106	20	1	0	
аренда самосвала	27	27	27	27	1083	62	40	0	
аренда самосвала 20 кубов	27	27	27	27	14	3	0	0	
аренда самосвала без водителя	27	27	27	27	86	29	26	0	
аренда самосвала в москве	27	27	27	27	42	15	14	0	
аренда самосвала в москве с водителем	27	27	27	27	5	3	1	0	
аренда самосвала вездехода	27	27	27	27	156	18	4	0	
аренда самосвала москва	27	27	27	27	192	15	6	0	
аренда самосвала с водителем	27	27	27	27	77	2	2	0	
аренда самосвала с водителем цена за час москва	27	27	27	27	24	22	22	0	
вывоз мусора газель самосвал	27	27	27	27	0	0	0	0	
вывоз мусора самосвал	27	27	27	27	0	0	0	0	
самосвал вывоз мусора	27	27	27	27	135	14	7	0	
бытовой мусор	28	28	28	28	7380	36	36	0	
бытовой мусор это	28	28	28	28	117	31	31	0	
вывоз бытового мусора	28	28	28	28	4994	4039	4037	0	
вывоз бытового мусора в москве	28	28	28	28	0	0	0	0	
вывоз бытового мусора в москве из квартиры	28	28	28	28	0	0	0	0	
вывоз бытового мусора из квартиры	28	28	28	28	0	0	0	0	
вывоз бытового мусора из квартиры с грузчиками	28	28	28	28	0	0	0	0	
вывоз бытового мусора москва	28	28	28	28	0	0	0	0	
вывоз бытового мусора московская область	28	28	28	28	0	0	0	0	
вывоз бытового мусора ярославль	28	28	28	28	0	0	0	0	
плотность бытового мусора	28	28	28	28	0	0	0	0	
плотность бытового мусора для перевода в тонны	28	28	28	28	0	0	0	0	
валка деревьев	29	29	29	29	1099	114	110	0	
валка деревьев гэсн	29	29	29	29	15	1	1	0	
валка деревьев мягких пород с корня диаметр стволов до 16 см	29	29	29	29	0	0	0	0	
валка деревьев окпд 2	29	29	29	29	0	0	0	0	
валка деревьев расценка в смете	29	29	29	29	0	0	0	0	
валка деревьев расценка в смете гэсн	29	29	29	29	0	0	0	0	
валка деревьев с корня	29	29	29	29	0	0	0	0	
валка деревьев с корня это как	29	29	29	29	0	0	0	0	
валка деревьев с помощью лебедки	29	29	29	29	0	0	0	0	
валка деревьев с применением автогидроподъемника	29	29	29	29	0	0	0	0	
валка деревьев цена за штуку в московской области	29	29	29	29	0	0	0	0	
валка деревьев частями	29	29	29	29	24	0	0	0	
демонтаж дачи	30	30	30	30	143	4	3	0	
демонтаж дачного дома	30	30	30	30	108	11	7	0	
демонтаж дачного дома в выборге	30	30	30	30	0	0	0	0	
демонтаж дачного дома выборг	30	30	30	30	0	0	0	0	
демонтаж дачного дома и вывоз мусора	30	30	30	30	0	0	0	0	
демонтаж дачного дома и вывоз мусора цена	30	30	30	30	0	0	0	0	
демонтаж дачного дома приморск	30	30	30	30	0	0	0	0	
демонтаж дачного дома цена	30	30	30	30	0	0	0	0	
демонтаж дачных домов	30	30	30	30	0	0	0	0	
снос дачи	30	30	30	30	123	2	2	0	
снос дачи астана	30	30	30	30	0	0	0	0	
снос дачи астана 2026	30	30	30	30	0	0	0	0	
демонтаж забора	31	31	31	31	1012	45	39	0	
демонтаж забора гэсн	31	31	31	31	0	0	0	0	
демонтаж забора из профлиста	31	31	31	31	0	0	0	0	
демонтаж забора из профлиста расценка в смете	31	31	31	31	0	0	0	0	
демонтаж забора из сетки рабицы расценка в смете	31	31	31	31	0	0	0	0	
демонтаж забора расценка в смете	31	31	31	31	0	0	0	0	
демонтаж забора расценка в смете гэсн	31	31	31	31	0	0	0	0	
демонтаж забора цена	31	31	31	31	0	0	0	0	
демонтаж забора цена за метр	31	31	31	31	0	0	0	0	
демонтаж забора это	31	31	31	31	0	0	0	0	
снос забора	31	31	31	31	209	0	0	0	
снос забора судебная практика	31	31	31	31	0	0	0	0	
автовышки аренда москва	32	32	32	32	509	188	40	0	/Справки/Транспорт/Такси и прокат автомобиля
аренда автовышки	32	32	32	32	1875	242	165	1	/Бизнес/Строительство/Строительное оборудование/Cтроительная техника
аренда автовышки 45 метров	32	32	32	32	20	14	5	0	/Бизнес/Строительство/Строительное оборудование/Cтроительная техника
аренда автовышки в домодедово	32	32	32	32	10	8	6	0	/Справки/Транспорт/Такси и прокат автомобиля
аренда автовышки в москве	32	32	32	32	124	78	59	0	/Бизнес/Строительство/Строительное оборудование/Cтроительная техника
аренда автовышки в москве цена за смену	32	32	32	32	10	8	8	0	/Бизнес/Строительство/Строительное оборудование/Cтроительная техника
аренда автовышки москва	32	32	32	32	509	188	40	0	/Справки/Транспорт/Такси и прокат автомобиля
аренда автовышки с люлькой	32	32	32	32	23	9	9	1	/Бизнес/Строительство/Строительное оборудование/Cтроительная техника
москва огородный проезд 9а стр 1 аренда автовышки спецтех	32	32	32	32	0	0	0	0	
спил дерева с автовышки	32	32	32	32	11	7	1	0	
спил деревьев с автовышки	32	32	32	32	0	0	0	0	
как обрезать грушу весной правильно	33	33	33	33	0	0	0	0	
как обрезать грушу правильно	33	33	33	33	0	0	0	0	
как обрезать правильно грушу	33	33	33	33	0	0	0	0	
как обрезать правильно сливу	33	33	33	33	0	0	0	0	
как обрезать сливу правильно	33	33	33	33	0	0	0	0	
как правильно обрезать алычу	33	33	33	33	0	0	0	0	
как правильно обрезать грушу	33	33	33	33	0	0	0	0	
как правильно обрезать грушу весной	33	33	33	33	0	0	0	0	
как правильно обрезать нектарин	33	33	33	33	0	0	0	0	
как правильно обрезать сливу	33	33	33	33	0	0	0	0	
фундук как обрезать правильно	33	33	33	33	0	0	0	0	
очистка крыш	34	34	34	34	0	0	0	0	
очистка крыши	34	34	34	34	0	0	0	0	
ук чистка крыш договор	34	34	34	34	0	0	0	0	
чистка крыш	34	34	34	34	888	6	3	0	
чистка крыш в москве	34	34	34	34	6	0	0	0	
чистка крыш красногорск	34	34	34	34	0	0	0	0	
чистка крыш многоквартирных домов	34	34	34	34	39	0	0	0	
чистка крыш москва	34	34	34	34	12	0	0	0	
чистка крыш цена	34	34	34	34	23	1	1	0	
чистка крыши	34	34	34	34	0	0	0	0	
чистка крыши цена	34	34	34	34	0	0	0	0	
аренда мини трактора для планировки участка	35	35	35	35	22	20	20	0	/Бизнес/Производство и поставки/Машиностроение/Сельскохозяйственное машиностроение
аренда мини трактора с водителем	35	35	35	35	9	3	3	1	/Бизнес/Строительство/Строительное оборудование/Cтроительная техника
аренда мини трактора с водителем цена	35	35	35	35	5	4	4	2	/Бизнес/Строительство/Строительное оборудование/Cтроительная техника
аренда минитрактора	35	35	35	35	271	39	18	0	/Бизнес/Производство и поставки/Машиностроение/Сельскохозяйственное машиностроение
аренда минитрактора без водителя	35	35	35	35	7	4	4	0	/Бизнес/Производство и поставки/Машиностроение/Коммунальное машиностроение
аренда минитрактора для вспашки земли	35	35	35	35	2	1	1	0	/Бизнес/Производство и поставки/Машиностроение/Сельскохозяйственное машиностроение
аренда минитрактора для выравнивания участка	35	35	35	35	13	12	12	1	/Бизнес/Производство и поставки/Машиностроение/Сельскохозяйственное машиностроение
аренда минитрактора для уборки снега	35	35	35	35	0	0	0	0	/Дом/Покупки/Бытовые услуги/Уборка и чистка
аренда минитрактора с ковшом	35	35	35	35	23	10	8	1	/Бизнес/Строительство/Строительное оборудование/Cтроительная техника
аренда минитрактора с ковшом цена	35	35	35	35	2	2	2	0	
вывоз хлама	36	36	36	36	539	32	31	0	
вывоз хлама в москве	36	36	36	36	0	0	0	0	
вывоз хлама из гаража	36	36	36	36	0	0	0	0	
вывоз хлама из квартиры	36	36	36	36	0	0	0	0	
вывоз хлама из квартиры в москве	36	36	36	36	0	0	0	0	
вывоз хлама из квартиры в москве недорого с грузчиками	36	36	36	36	0	0	0	0	
вывоз хлама из квартиры в москве недорого с грузчиками на утилизацию	36	36	36	36	0	0	0	0	
вывоз хлама луганск	36	36	36	36	0	0	0	0	
вывоз хлама москва	36	36	36	36	0	0	0	0	
вывоз хлама с дачи	36	36	36	36	0	0	0	0	
выравнивание участка	37	37	37	37	5523	619	603	0	
выравнивание участка московская область	37	37	37	37	0	0	0	0	
выравнивание участка мотоблоком	37	37	37	37	0	0	0	0	
выравнивание участка песком	37	37	37	37	0	0	0	0	
выравнивание участка под газон	37	37	37	37	0	0	0	0	
выравнивание участка под ключ	37	37	37	37	0	0	0	0	
выравнивание участка своими руками с чего начать	37	37	37	37	0	0	0	0	
выравнивание участка трактором	37	37	37	37	0	0	0	0	
выравнивание участка цена	37	37	37	37	0	0	0	0	
выравнивание участка цена за сотку московская область	37	37	37	37	0	0	0	0	
комплексное техническое обслуживание зданий и сооружений	38	38	38	38	0	0	0	0	
техническое обслуживание зданий	38	38	38	38	2050	14	5	0	
техническое обслуживание зданий и сооружений	38	38	38	38	0	0	0	0	
техническое обслуживание зданий и сооружений что входит	38	38	38	38	0	0	0	0	
техническое обслуживание зданий и сооружений что это	38	38	38	38	0	0	0	0	
техническое обслуживание зданий и сооружений это	38	38	38	38	0	0	0	0	
техническое обслуживание зданий оквэд	38	38	38	38	0	0	0	0	
техническое обслуживание зданий окпд 2	38	38	38	38	0	0	0	0	
техническое обслуживание зданий это	38	38	38	38	0	0	0	0	
техническое обслуживание инженерных систем зданий москва	38	38	38	38	0	0	0	0	
санитарная обрезка	39	39	39	39	0	0	0	0	
санитарная обрезка деревьев	39	39	39	39	352	52	51	0	
санитарная обрезка деревьев когда проводится	39	39	39	39	0	0	0	0	
санитарная обрезка деревьев нормы и правила	39	39	39	39	0	0	0	0	
санитарная обрезка деревьев расценка в смете	39	39	39	39	0	0	0	0	
санитарная обрезка деревьев цена	39	39	39	39	0	0	0	0	
санитарная обрезка деревьев что это	39	39	39	39	0	0	0	0	
санитарная обрезка деревьев что это такое	39	39	39	39	0	0	0	0	
санитарная обрезка деревьев что это такое простыми словами	39	39	39	39	0	0	0	0	
санитарная обрезка деревьев это	39	39	39	39	0	0	0	0	
вывоз мусора газель	40	40	40	40	1453	121	95	0	
вывоз мусора газель москва	40	40	40	40	0	0	0	0	
вывоз мусора газель москва дешево	40	40	40	40	0	0	0	0	
вывоз мусора газель с грузчиками	40	40	40	40	0	0	0	0	
вывоз мусора газель фото	40	40	40	40	0	0	0	0	
вывоз мусора газель цена	40	40	40	40	0	0	0	0	
вывоз мусора москва газель	40	40	40	40	0	0	0	0	
вывоз мусора москва недорого газель	40	40	40	40	0	0	0	0	
вывоз мусора одинцово недорого газель	40	40	40	40	0	0	0	0	
декоративная обрезка деревьев	41	41	41	41	92	1	1	0	
декоративная обрезка деревьев и кустарников	41	41	41	41	0	0	0	0	
формирующая обрезка	41	41	41	41	552	0	0	0	
формирующая обрезка деревьев	41	41	41	41	0	0	0	0	
формирующая обрезка метельчатой гортензии	41	41	41	41	0	0	0	0	
формирующая обрезка пузыреплодника	41	41	41	41	0	0	0	0	
формирующая обрезка сирени	41	41	41	41	0	0	0	0	
формирующая обрезка сливы	41	41	41	41	0	0	0	0	
формирующая обрезка сосны	41	41	41	41	0	0	0	0	
аварийный спил дерева	42	42	42	42	160	42	0	0	/Дом/Квартира и дача/Ландшафтный дизайн
аварийный спил деревьев	42	42	42	42	160	42	1	1	/Дом/Квартира и дача/Ландшафтный дизайн
спил аварийного дерева куда обращаться	42	42	42	42	0	0	0	0	
спил аварийных деревьев	42	42	42	42	160	42	39	0	
спил аварийных деревьев законодательство	42	42	42	42	0	0	0	0	
спил аварийных деревьев окпд 2	42	42	42	42	0	0	0	0	
спил аварийных деревьев цена	42	42	42	42	0	0	0	0	
удаление аварийных деревьев	42	42	42	42	0	0	0	0	
демонтаж бани	43	43	43	43	82	1	1	0	
демонтаж бани из бревна цена	43	43	43	43	0	0	0	0	
демонтаж бани из бревна цена за работу	43	43	43	43	0	0	0	0	
демонтаж бани цена	43	43	43	43	0	0	0	0	
демонтаж бани цена за работу	43	43	43	43	0	0	0	0	
сколько стоит демонтаж бани	43	43	43	43	0	0	0	0	
снос бани	43	43	43	43	48	1	1	0	
снос бани цена	43	43	43	43	0	0	0	0	
альпинист промышленный вакансии	44	44	44	44	424	169	149	0	/Работа/Вакансии и резюме
альпинист промышленный это	44	44	44	44	66	31	29	0	/Отдых/Туризм/Спортивный туризм/Альпинизм, горный туризм
валка деревьев альпинистами	44	44	44	44	1	0	0	0	
работа в москве альпинистом	44	44	44	44	0	0	0	0	
работы альпинистов	44	44	44	44	1554	38	3	0	
спил дерева альпинистом	44	44	44	44	18	1	0	0	
чистка крыш альпинистами	44	44	44	44	7	0	0	0	
обслуживание мкд	45	45	45	45	1250	6	6	0	
обслуживание мкд управляющей компанией	45	45	45	45	0	0	0	0	
обслуживание мкд что это	45	45	45	45	0	0	0	0	
обслуживание мкд что это такое	45	45	45	45	0	0	0	0	
обслуживание мкд это	45	45	45	45	0	0	0	0	
содержание общего имущества в мкд	45	45	45	45	0	0	0	0	
содержание общего имущества мкд что это такое в квитанции	45	45	45	45	0	0	0	0	
как метры кубические мусора перевести в тонны	46	46	46	46	0	0	0	0	
как перевести кубические метры в тонны мусора	46	46	46	46	0	0	0	0	
как перевести кубические метры мусора в тонны	46	46	46	46	0	0	0	0	
как перевести тонны в кубические метры мусора	46	46	46	46	0	0	0	0	
перевести кубические метры в тонны мусор	46	46	46	46	0	0	0	0	
перевести метры кубические в тонны мусор	46	46	46	46	0	0	0	0	
омолаживающая обрезка	47	47	47	47	0	0	0	0	
омолаживающая обрезка деревьев	47	47	47	47	137	18	18	0	
омолаживающая обрезка деревьев когда проводится	47	47	47	47	0	0	0	0	
омолаживающая обрезка деревьев нормы и правила	47	47	47	47	0	0	0	0	
омолаживающая обрезка деревьев что это такое	47	47	47	47	0	0	0	0	
омолаживающая обрезка деревьев это	47	47	47	47	0	0	0	0	
содержание общего имущества	48	48	48	48	5692	10	9	0	
содержание общего имущества в квитанции что это	48	48	48	48	0	0	0	0	
содержание общего имущества гк рф	48	48	48	48	0	0	0	0	
содержание общего имущества дома что туда входит	48	48	48	48	0	0	0	0	
содержание общего имущества тариф	48	48	48	48	0	0	0	0	
содержание общего имущества это	48	48	48	48	0	0	0	0	
штраф за лед лампы в 2026	49	49	49	49	0	0	0	0	
штраф за лед лампы в фарах 2026	49	49	49	49	0	0	0	0	
штраф за лед лампы в фарах ближнего света	49	49	49	49	0	0	0	0	
штраф за мусор в неположенном месте	49	49	49	49	0	0	0	0	
штраф за неисполнение предписания гжи	49	49	49	49	0	0	0	0	
штраф за установку би лед линз в фары 2026	49	49	49	49	0	0	0	0	
вывоз строймусора	50	50	50	50	41	4	4	0	
вывоз строймусора алматы	50	50	50	50	0	0	0	0	
вывоз строймусора в алматы	50	50	50	50	0	0	0	0	
вывоз строймусора москва	50	50	50	50	0	0	0	0	
вывоз строймусора цена	50	50	50	50	0	0	0	0	
выровнять участок	51	51	51	51	0	0	0	0	
выровнять участок на даче сколько стоит	51	51	51	51	0	0	0	0	
выровнять участок цена	51	51	51	51	0	0	0	0	
выровнять участок цена московская область	51	51	51	51	0	0	0	0	
сколько стоит выровнять участок	51	51	51	51	0	0	0	0	
каблинг деревьев	52	52	52	52	43	6	6	0	
каблинг деревьев цена	52	52	52	52	0	0	0	0	
каблинг деревьев что	52	52	52	52	0	0	0	0	
каблинг деревьев что это	52	52	52	52	0	0	0	0	
что такое каблинг деревьев	52	52	52	52	0	0	0	0	
как перевести 1 куб м мусора в тонны	53	53	53	53	0	0	0	0	
мусор перевести м3 в тонны	53	53	53	53	0	0	0	0	
мусор перевести тонны в м3	53	53	53	53	0	0	0	0	
перевод мусора из м3 в т	53	53	53	53	0	0	0	0	
перевод мусора из т в м3	53	53	53	53	0	0	0	0	
оати штраф 4000 за что	54	54	54	54	0	0	0	0	
оати штраф 4000 обжаловать	54	54	54	54	0	0	0	0	
оати штраф за маску	54	54	54	54	0	0	0	0	
штраф оати	54	54	54	54	111	8	2	0	
штраф оати за работу без ордера	54	54	54	54	0	0	0	0	
очистка кровли	55	55	55	55	915	3	3	0	
очистка кровли окпд 2	55	55	55	55	0	0	0	0	
очистка кровли от мха	55	55	55	55	0	0	0	0	
очистка кровли от сосулек	55	55	55	55	0	0	0	0	
очистка кровли расценка в смете	55	55	55	55	0	0	0	0	
вывоз мусора с садового участка	56	56	56	56	0	0	0	0	
вывоз садового мусора	56	56	56	56	187	7	7	0	
вывоз садового мусора московская область	56	56	56	56	0	0	0	0	
уборка садового участка и вывоз мусора	56	56	56	56	0	0	0	0	
вывоз старой мебели	57	57	57	57	4957	405	402	0	
вывоз старой мебели красногорск	57	57	57	57	0	0	0	0	
вывоз старой мебели москва	57	57	57	57	0	0	0	0	
вывоз старой мебели химки	57	57	57	57	0	0	0	0	
когда можно обрезать грушу	58	58	58	58	0	0	0	0	
когда можно обрезать сливу	58	58	58	58	0	0	0	0	
можно ли алычу обрезать летом	58	58	58	58	0	0	0	0	
можно ли обрезать	58	58	58	58	0	0	0	0	
мусор оплатить	59	59	59	59	0	0	0	0	
мусор тбо	59	59	59	59	0	0	0	0	
мусор это	59	59	59	59	0	0	0	0	
это мусор	59	59	59	59	0	0	0	0	
норматив очистки крыш	60	60	60	60	1	0	0	0	
почистить крышу	60	60	60	60	0	0	0	0	
сбивание сосулек с крыши	60	60	60	60	0	0	0	0	
удаление сосулек с крыш	60	60	60	60	0	0	0	0	
работа на высоте	61	61	61	61	70759	456	223	0	
работа на высоте группы 1 2 3 что это	61	61	61	61	0	0	0	0	
работа на высоте это	61	61	61	61	0	0	0	0	
работа на высоте это сколько метров	61	61	61	61	0	0	0	0	
уборка дачного участка	62	62	62	62	285	29	19	0	
уборка дачного участка от мусора цена	62	62	62	62	0	0	0	0	
уборка дачного участка цена за сотку	62	62	62	62	0	0	0	0	
уборка дачного участка цена за сотку под ключ	62	62	62	62	0	0	0	0	
вывезти мусор строительный	63	63	63	63	0	0	0	0	
вывезти строительный мусор	63	63	63	63	0	0	0	0	
куда вывезти строительный мусор	63	63	63	63	0	0	0	0	
вывоз строительного мусора в москве недорого из квартиры с грузчиками цена	64	64	64	64	0	0	0	0	
вывоз строительного мусора с грузчиками	64	64	64	64	0	0	0	0	
вывоз строительного мусора химки с грузчиками	64	64	64	64	0	0	0	0	
как и когда обрезать сливу	65	65	65	65	0	0	0	0	
как обрезать сливу	65	65	65	65	0	0	0	0	
как сливу обрезать	65	65	65	65	0	0	0	0	
как обрезать грушу весной	66	66	66	66	0	0	0	0	
как обрезать сливу весной	66	66	66	66	0	0	0	0	
когда можно обрезать сливу весной	66	66	66	66	0	0	0	0	
косим траву	67	67	67	67	0	0	0	0	
накосил траву	67	67	67	67	0	0	0	0	
скосить траву	67	67	67	67	0	0	0	0	
куда вывозить строительный мусор	68	68	68	68	0	0	0	0	
куда вывозят строительный мусор	68	68	68	68	0	0	0	0	
строительный мусор куда вывозить	68	68	68	68	0	0	0	0	
мусорный полигон	69	69	69	69	0	0	0	0	
мусорный полигон нева	69	69	69	69	0	0	0	0	
полигон мусорный	69	69	69	69	0	0	0	0	
обслуживание детских площадок на придомовой территории многоквартирного дома	70	70	70	70	0	0	0	0	
обслуживание придомовой территории многоквартирного дома	70	70	70	70	0	0	0	0	
обслуживание придомовой территории многоквартирного дома что входит	70	70	70	70	0	0	0	0	
подготовка участка к строительству	71	71	71	71	0	0	0	0	
подготовка участка к строительству дома	71	71	71	71	0	0	0	0	
подготовка участка под строительство дома	71	71	71	71	0	0	0	0	
пп 1018 содержание дворовых территорий	72	72	72	72	0	0	0	0	
содержание территорий	72	72	72	72	11337	11	0	0	
содержание территорий московская область	72	72	72	72	0	0	0	0	
раскорчевка и расчистка участков цена	73	73	73	73	0	0	0	0	
раскорчевка участка	73	73	73	73	28	10	10	0	
раскорчевка участков	73	73	73	73	0	0	0	0	
сбивание сосулек	74	74	74	74	38	0	0	0	
сбивание сосулек лазером	74	74	74	74	0	0	0	0	
сбивание сосулек расценка в смете	74	74	74	74	0	0	0	0	
спил высоких деревьев по частям цена	75	75	75	75	0	0	0	0	
спил дерева частями	75	75	75	75	73	5	0	0	
спил деревьев частями	75	75	75	75	0	0	0	0	
4 в 1 услуги	76	76	76	76	7947	0	0	1	/Hi-Tech/Интернет/Доступ в интернет/Провайдеры
fm услуги	76	76	76	76	19	2	1	0	/Бизнес/Недвижимость/Управляющие компании
бункер для мусора заказать	77	77	77	77	403	99	99	0	
купить бункер для мусора 8 м3	77	77	77	77	0	0	0	0	
водитель мусоровоза	78	78	78	78	0	0	0	0	
водитель мусоровоза вакансии	78	78	78	78	0	0	0	0	
вывезти мусор из квартиры с грузчиками	79	79	79	79	0	0	0	0	
вывоз старой мебели из квартиры в москве недорого с грузчиками	79	79	79	79	0	0	0	0	
вывоз старой мебели из квартиры	80	80	80	80	0	0	0	0	
вывоз старой мебели из квартиры в москве	80	80	80	80	0	0	0	0	
вывоз-мусора 24	81	81	81	81	0	0	0	0	
мусора вывоз	81	81	81	81	0	0	0	0	
вырубка елок	82	82	82	82	43	0	0	0	
незаконная вырубка елок	82	82	82	82	0	0	0	0	
договор тсж с собственниками	83	83	83	83	0	0	0	0	
договор тсж с ук на управление многоквартирным домом	83	83	83	83	0	0	0	0	
как обрезать молодую грушу	84	84	84	84	0	0	0	0	
как обрезать молодую сливу	84	84	84	84	0	0	0	0	
как обрезать тую	85	85	85	85	0	0	0	0	
когда обрезать	85	85	85	85	0	0	0	0	
как перевести м куб в тонны мусор бытовой калькулятор	86	86	86	86	0	0	0	0	
как перевести тонны в кубы мусора калькулятор тко	86	86	86	86	0	0	0	0	
как перерабатывают мусор	87	87	87	87	0	0	0	0	
переработка мусора в россии	87	87	87	87	0	0	0	0	
какой бывает мусор	88	88	88	88	0	0	0	0	
какой мусор бывает	88	88	88	88	0	0	0	0	
камаз мусоровоз	89	89	89	89	0	0	0	0	
мусоровоз камаз	89	89	89	89	0	0	0	0	
камаз мусоровоз с боковой загрузкой	90	90	90	90	0	0	0	0	
мусоровоз камаз с задней загрузкой	90	90	90	90	0	0	0	0	
компактор для мусора	91	91	91	91	0	0	0	0	
пресс компактор для мусора	91	91	91	91	0	0	0	0	
мультилифт мусоровоз	92	92	92	92	0	0	0	0	
мусоровоз мультилифт	92	92	92	92	0	0	0	0	
мусор и отходы	93	93	93	93	0	0	0	0	
отходы и мусор	93	93	93	93	0	0	0	0	
мусорная площадка	94	94	94	94	0	0	0	0	
мусорные площадки	94	94	94	94	0	0	0	0	
мусорная свалка	95	95	95	95	0	0	0	0	
свалка мусорная	95	95	95	95	0	0	0	0	
не вывозят мусор куда жаловаться	96	96	96	96	0	0	0	0	
не вывозят мусор куда жаловаться в москве	96	96	96	96	0	0	0	0	
нужно ли платить за мусор если в доме никто не прописан и не проживает	97	97	97	97	0	0	0	0	
оплата за мусор по прописке или проживанию	97	97	97	97	0	0	0	0	
печь для сжигания мусора на даче	98	98	98	98	0	0	0	0	
сжигание мусора	98	98	98	98	0	0	0	0	
проект ландшафтного дизайна участка цена	99	99	99	99	0	0	0	0	
сколько стоит ландшафтный дизайн участка	99	99	99	99	0	0	0	0	
работа на высоте с какой высоты начинается	100	100	100	100	0	0	0	0	
работа на высоте с какой высоты начинается 2025	100	100	100	100	0	0	0	0	
скопление мусора на территории земельного участка гигтест ответ	101	101	101	101	0	0	0	0	
скопление мусора на территории земельного участка ответ гигтест	101	101	101	101	0	0	0	0	
содержание общего имущества в многоквартирном доме	102	102	102	102	0	0	0	0	
содержание общего имущества в многоквартирном доме включает в себя	102	102	102	102	0	0	0	0	
содержание территорий городских и сельских поселений промышленных площадок должно отвечать	103	103	103	103	0	0	0	0	
содержание территорий промышленных площадок должно отвечать	103	103	103	103	0	0	0	0	
уборка мусора	104	104	104	104	0	0	0	0	
уборка участка от мусора	104	104	104	104	67	0	0	0	
услуга вывоза мусора	105	105	105	105	0	0	0	0	
услуги по вывозу мусора	105	105	105	105	0	0	0	0	
автобус 437 москва клин расписание место посадки цена	106	106	106	106	6	6	6	0	/Справки/Транспорт/Автобусное сообщение
автор работы человек машина	107	107	107	107	6	0	0	0	/Культура/Литература/Универсальное
автором работы человек в поисказ смысла является	108	108	108	108	2	2	2	0	/Культура/Литература/Универсальное
альпинизм промышленный	109	109	109	109	2415	365	360	4	/Отдых/Туризм/Спортивный туризм/Альпинизм, горный туризм
аутсорсинг благоустройства	110	110	110	110	0	0	0	0	
без работы человек деградирует	111	111	111	111	3	2	2	0	
большую часть мусора загрязняющего землю составляют	112	112	112	112	10	1	1	0	
бункер мусорный	113	113	113	113	374	43	37	0	
вакансии водитель мусоровоза	114	114	114	114	235	46	39	0	
виды мусора	115	115	115	115	0	0	0	0	
вывезти мусор	116	116	116	116	0	0	0	0	
вывоз ветвей	117	117	117	117	1	0	0	0	
вывоз листвы	118	118	118	118	108	8	8	0	
вывоз листвы в мешках	119	119	119	119	0	0	0	0	
вывоз листвы в мешках с дачного участка	120	120	120	120	0	0	0	0	
вывоз старой мебели и бытовой техники	121	121	121	121	0	0	0	0	
вывоз старой мебели из квартиры в долгопрудном	122	122	122	122	0	0	0	0	
вывоз старой мебели из квартиры в москве с грузчиками на утилизацию	123	123	123	123	0	0	0	0	
вывоз старой мебели люберцы	124	124	124	124	0	0	0	0	
вывоз строительного мусора с дачного участка	125	125	125	125	0	0	0	0	
вынос мусора из квартиры	126	126	126	126	0	0	0	0	
вынос строительного мусора из квартиры цена	127	127	127	127	0	0	0	0	
данный отрывок взят из работы человек	128	128	128	128	0	0	0	0	
зимняя уборка придомовой территории	129	129	129	129	0	0	0	0	
зимняя уборка территории	130	130	130	130	168	0	0	0	
как и когда обрезать грушу	131	131	131	131	0	0	0	0	
как обрезать кусты	132	132	132	132	0	0	0	0	
как обрезать орешник	133	133	133	133	0	0	0	0	
как обрезать сливу летом для начинающих схемы с подробным описанием	134	134	134	134	0	0	0	0	
как перевести кубометры в тонны для расчета мусора	135	135	135	135	0	0	0	0	
как правильно обрезать сливу весной для начинающих	136	136	136	136	0	0	0	0	
как правильно сортировать мусор	137	137	137	137	0	0	0	0	
как убрать пень с участка	138	138	138	138	0	0	0	0	
как уничтожить пень на участке	139	139	139	139	0	0	0	0	
когда обрезать сосны	140	140	140	140	0	0	0	0	
комплексное обслуживание территорий	141	141	141	141	106	0	0	0	
комплексный подрядчик	142	142	142	142	101	0	0	0	
куда выбрасывать строительный мусор	143	143	143	143	0	0	0	0	
куда вывезти мусор самостоятельно	144	144	144	144	0	0	0	0	
куда вывозят мусор из города	145	145	145	145	0	0	0	0	
куда выкидывать строительный мусор	146	146	146	146	0	0	0	0	
масса мусора	147	147	147	147	0	0	0	0	
машина для вывоза мусора	148	148	148	148	0	0	0	0	
можно ли сжигать мусор на участке	149	149	149	149	0	0	0	0	
мусор аббревиатура	150	150	150	150	0	0	0	0	
мусор бытовой	151	151	151	151	0	0	0	0	
мусор от строительных и ремонтных работ фкко 5 класс	152	152	152	152	0	0	0	0	
мусор что такое	153	153	153	153	0	0	0	0	
мусора почему	154	154	154	154	0	0	0	0	
мусора это	155	155	155	155	0	0	0	0	
мусорная компания	156	156	156	156	0	0	0	0	
мусорник	157	157	157	157	0	0	0	0	
мусорные полигоны подмосковья на карте	158	158	158	158	0	0	0	0	
мусоровоз заказать	159	159	159	159	0	0	0	0	
мусоровоз машина	160	160	160	160	0	0	0	0	
на что вешать гирлянду на дом на улице	161	161	161	161	0	0	0	0	
незаконная рубка елей	162	162	162	162	0	0	0	0	
неисполнение предписания гжи ответственность	163	163	163	163	0	0	0	0	
новости мусор подмосковья	164	164	164	164	0	0	0	0	
обиход услуги	165	165	165	165	10	0	0	0	
обрезка садовых деревьев	166	166	166	166	0	0	0	0	
обслуживание дворов	167	167	167	167	205	0	0	0	
обслуживание коттеджных поселков	168	168	168	168	134	29	16	0	
обслуживание придомовой территории	169	169	169	169	0	0	0	0	
откуда берется мусор	170	170	170	170	0	0	0	0	
отлынивающий от работы человек 5 букв	171	171	171	171	0	0	0	0	
очистка участка	172	172	172	172	0	0	0	0	
перевести тонны в м3 мусор	173	173	173	173	0	0	0	0	
перевод кубических метров в тонны мусора калькулятор	174	174	174	174	0	0	0	0	
пластиковый мусор	175	175	175	175	0	0	0	0	
плотность мусора	176	176	176	176	0	0	0	0	
плотность мусора бытового	177	177	177	177	0	0	0	0	
плотность мусора от офисных и бытовых помещений организаций несортированный	178	178	178	178	0	0	0	0	
плотность строительного мусора	179	179	179	179	0	0	0	0	
полигоны мусорные	180	180	180	180	0	0	0	0	
порядок под ключ	181	181	181	181	59	0	0	0	
почему мусора	182	182	182	182	0	0	0	0	
пресс для мусора	183	183	183	183	0	0	0	0	
работа на высоте обучение	184	184	184	184	0	0	0	0	
работа на высоте от скольки метров	185	185	185	185	0	0	0	0	
работа на высоте удостоверение	186	186	186	186	0	0	0	0	
работа на мусоровозе	187	187	187	187	0	0	0	0	
работы человек человек	188	188	188	188	0	0	0	0	
раздельный сбор мусора в москве	189	189	189	189	0	0	0	0	
разрушение дома в сызрани	190	190	190	190	0	0	0	0	
региональный оператор по вывозу мусора	191	191	191	191	0	0	0	0	
реформа мусорная	192	192	192	192	0	0	0	0	
свалка мусора	193	193	193	193	0	0	0	0	
сколько стоит мусор с человека в частном доме	194	194	194	194	0	0	0	0	
смета за 10 минут	195	195	195	195	1	0	0	0	
смета по фото	196	196	196	196	3	0	0	0	
содержание балета жизель	197	197	197	197	0	0	0	0	
содержание в ворде как сделать автоматически	198	198	198	198	0	0	0	0	
содержание кислорода в крови норма у взрослых	199	199	199	199	0	0	0	0	
содержание общего имущества в коммунальной квартире	200	200	200	200	0	0	0	0	
содержание территории по пожарной безопасности	201	201	201	201	0	0	0	0	
содержание территорий зданий сооружений и помещений в том числе эвакуационных путей	202	202	202	202	0	0	0	0	
содержание территорий общего пользования	203	203	203	203	0	0	0	0	
сортировать мусор на английском	204	204	204	204	0	0	0	0	
сортировка мусора	205	205	205	205	0	0	0	0	
ствол между корнем и кроной	206	206	206	206	0	0	0	0	
строительный мусор это какие отходы	207	207	207	207	0	0	0	0	
тариф на мусор на 1 человека	208	208	208	208	0	0	0	0	
тко московская область личный кабинет	209	209	209	209	0	0	0	0	
тко мусор расшифровка	210	210	210	210	0	0	0	0	
уборка коттеджей	211	211	211	211	0	0	0	0	
уборка садового участка	212	212	212	212	0	0	0	0	
уборка строительного мусора	213	213	213	213	0	0	0	0	
уборка участка	214	214	214	214	0	0	0	0	
удаление запахов в квартире	215	215	215	215	0	0	0	0	
удаление сосулек	216	216	216	216	20	1	1	0	
уличный бак для мусора	217	217	217	217	0	0	0	0	
уплотнитель мусора	218	218	218	218	0	0	0	0	
утилизация строительного мусора	219	219	219	219	0	0	0	0	
что относится к строительному мусору	220	220	220	220	0	0	0	0	
что такое мусор	221	221	221	221	0	0	0	0	
штраф гжи	222	222	222	222	50	2	1	0	
