cluster_id,cluster_label,cluster_size,cluster_wsk_total,word,ws,wsk,intent,pillar,domains
12,цена / покос / травы / покос травы / цена сотку,33,913,покос травы цена за м2,494,222,pricing,uborka-territorii,liwood.ru
12,цена / покос / травы / покос травы / цена сотку,33,913,покос травы триммером цена за м2,218,159,pricing,uborka-territorii,"arboristik.ru,liwood.ru"
12,цена / покос / травы / покос травы / цена сотку,33,913,покос травы цены,4874,108,pricing,uborka-territorii,arboristik.ru
12,цена / покос / травы / покос травы / цена сотку,33,913,покос травы цена за сотку московская область,78,52,pricing,uborka-territorii,arboristik.ru
12,цена / покос / травы / покос травы / цена сотку,33,913,покос травы триммером цена,2445,46,pricing,uborka-territorii,liwood.ru
12,цена / покос / травы / покос травы / цена сотку,33,913,поднять участок на даче цена,114,42,pricing,other,liwood.ru
12,цена / покос / травы / покос травы / цена сотку,33,913,покос бурьяна цена за сотку,38,34,pricing,other,liwood.ru
12,цена / покос / травы / покос травы / цена сотку,33,913,обрезка яблонь цена в подмосковье,46,27,lead,arboristika,"arboristik.ru,liwood.ru"
12,цена / покос / травы / покос травы / цена сотку,33,913,калькулятор уклона пандуса для инвалидов,27,19,pricing,other,liwood.ru
12,цена / покос / травы / покос травы / цена сотку,33,913,поднять участок цена,228,19,pricing,other,arboristik.ru
12,цена / покос / травы / покос травы / цена сотку,33,913,покос травы триммером цена за сотку,96,19,pricing,uborka-territorii,arboristik.ru
12,цена / покос / травы / покос травы / цена сотку,33,913,несущая способность деревянной балки калькулятор,38,17,pricing,other,liwood.ru
12,цена / покос / травы / покос травы / цена сотку,33,913,как посчитать свп для плитки количество,15,15,pricing,other,liwood.ru
12,цена / покос / травы / покос травы / цена сотку,33,913,покос травы на участке цена за сотку,39,14,pricing,uborka-territorii,arboristik.ru
12,цена / покос / травы / покос травы / цена сотку,33,913,стрижка туй цена,130,13,pricing,other,"arboristik.ru,liwood.ru"
12,цена / покос / травы / покос травы / цена сотку,33,913,помывка фасадов зданий цена,17,10,pricing,other,liwood.ru
12,цена / покос / травы / покос травы / цена сотку,33,913,измельчение веток в щепу цена,15,9,pricing,other,"arboristik.ru,liwood.ru"
12,цена / покос / травы / покос травы / цена сотку,33,913,покос травы трактором цена,64,9,pricing,uborka-territorii,"arboristik.ru,liwood.ru"
12,цена / покос / травы / покос травы / цена сотку,33,913,выкорчевывание пней цена,36,8,pricing,other,arboristik.ru
12,цена / покос / травы / покос травы / цена сотку,33,913,минитрактор авант цена,8,8,pricing,other,arborist.su
12,цена / покос / травы / покос травы / цена сотку,33,913,стоимость покоса травы за 1 кв м прайс,8,8,pricing,other,arboristik.ru
12,цена / покос / травы / покос травы / цена сотку,33,913,как рассчитать свп для плитки калькулятор,13,7,pricing,other,liwood.ru
12,цена / покос / травы / покос травы / цена сотку,33,913,аренда минитрактора с ковшом цена,11,6,pricing,other,arborist.su
12,цена / покос / травы / покос травы / цена сотку,33,913,дробление веток в щепу цена,34,6,pricing,other,"arboristik.ru,liwood.ru"
12,цена / покос / травы / покос травы / цена сотку,33,913,фрезерование земли трактором цена за сотку,8,6,pricing,other,arboristik.ru
12,цена / покос / травы / покос травы / цена сотку,33,913,кошение травы триммером цена за сотку,5,5,pricing,other,"arboristik.ru,liwood.ru"
12,цена / покос / травы / покос травы / цена сотку,33,913,подеревная съемка цена,20,5,pricing,other,arborist.su
12,цена / покос / травы / покос травы / цена сотку,33,913,покосить борщевик цена,5,5,pricing,other,liwood.ru
12,цена / покос / травы / покос травы / цена сотку,33,913,арбористы цена за дерево в подмосковье,3,3,lead,other,"arborist.su,arboristik.ru,liwood.ru"
12,цена / покос / травы / покос травы / цена сотку,33,913,подстричь кусты цена,4,3,pricing,other,liwood.ru
12,цена / покос / травы / покос травы / цена сотку,33,913,разборка старых деревянных домов и вывоз мусора цена,4,3,pricing,other,arboristik.ru
12,цена / покос / травы / покос травы / цена сотку,33,913,разборка строений и вывоз мусора цена,156,3,pricing,other,arboristik.ru
12,цена / покос / травы / покос травы / цена сотку,33,913,чистка леса от сухостоя цена,3,3,pricing,other,"arboristik.ru,liwood.ru"
56,снега наледи / наледи / чистка / снега / крыши,2,850,чистка крыши от снега и наледи цены,951,712,pricing,other,liwood.ru
56,снега наледи / наледи / чистка / снега / крыши,2,850,чистка кровли от снега и наледи цена в москве,153,138,lead,other,liwood.ru
34,уборка / снега / уборка снега / снега цена / цена,7,823,очистка снега с крыши цена за квадратный метр,469,333,pricing,other,liwood.ru
34,уборка / снега / уборка снега / снега цена / цена,7,823,уборка снега с крыши цена,3024,211,pricing,other,liwood.ru
34,уборка / снега / уборка снега / снега цена / цена,7,823,уборка снега цена за квадратный метр,1296,127,pricing,other,liwood.ru
34,уборка / снега / уборка снега / снега цена / цена,7,823,уборка снега цена,11785,93,pricing,other,liwood.ru
34,уборка / снега / уборка снега / снега цена / цена,7,823,уборка снега заказать,2612,32,lead,other,liwood.ru
34,уборка / снега / уборка снега / снега цена / цена,7,823,уборка территории от снега цена за м2,28,22,pricing,uborka-territorii,liwood.ru
34,уборка / снега / уборка снега / снега цена / цена,7,823,уборка снега в частном доме цена,143,5,pricing,other,liwood.ru
7,стоит спилить / спилить / дерево / сколько стоит / стоит,20,769,сколько стоит дерево спилить,2707,290,pricing,other,arboristik.ru
7,стоит спилить / спилить / дерево / сколько стоит / стоит,20,769,сколько стоит спилить дерево,2707,290,pricing,other,"arboristik.ru,liwood.ru"
7,стоит спилить / спилить / дерево / сколько стоит / стоит,20,769,сколько стоит спилить тополь,87,32,pricing,other,arboristik.ru
7,стоит спилить / спилить / дерево / сколько стоит / стоит,20,769,сколько стоит спилить одно дерево,149,25,pricing,other,liwood.ru
7,стоит спилить / спилить / дерево / сколько стоит / стоит,20,769,сколько стоит спилить дерево на участке цена,69,20,pricing,other,arboristik.ru
7,стоит спилить / спилить / дерево / сколько стоит / стоит,20,769,сколько стоит спилить дерево возле дома,24,15,pricing,other,"arborist.su,arboristik.ru,liwood.ru"
7,стоит спилить / спилить / дерево / сколько стоит / стоит,20,769,сколько стоит спилить дерево во дворе жилого дома,21,14,pricing,other,arboristik.ru
7,стоит спилить / спилить / дерево / сколько стоит / стоит,20,769,сколько стоит спилить большое дерево около дома в деревне,23,10,pricing,other,arboristik.ru
7,стоит спилить / спилить / дерево / сколько стоит / стоит,20,769,сколько стоит спилить дерево на участке в подмосковье цена,12,10,lead,other,arboristik.ru
7,стоит спилить / спилить / дерево / сколько стоит / стоит,20,769,сколько стоит спилить дерево на участке в подмосковье,32,9,lead,other,"arborist.su,liwood.ru"
7,стоит спилить / спилить / дерево / сколько стоит / стоит,20,769,сколько стоит спилить большое дерево,81,8,pricing,other,arboristik.ru
7,стоит спилить / спилить / дерево / сколько стоит / стоит,20,769,сколько стоит спилить одно дерево на участке цена,8,8,pricing,other,arboristik.ru
7,стоит спилить / спилить / дерево / сколько стоит / стоит,20,769,сколько стоит спилить 1 дерево,29,7,pricing,other,"arboristik.ru,liwood.ru"
7,стоит спилить / спилить / дерево / сколько стоит / стоит,20,769,сколько стоит спилить деревья,2707,6,pricing,other,"arboristik.ru,liwood.ru"
7,стоит спилить / спилить / дерево / сколько стоит / стоит,20,769,сколько стоит спилить большое дерево на участке,16,5,pricing,other,liwood.ru
7,стоит спилить / спилить / дерево / сколько стоит / стоит,20,769,сколько стоит срезать дерево на участке,5,5,pricing,other,arboristik.ru
7,стоит спилить / спилить / дерево / сколько стоит / стоит,20,769,сколько стоит спилить дерево на кладбище,11,4,pricing,other,arborist.su
7,стоит спилить / спилить / дерево / сколько стоит / стоит,20,769,сколько стоит спилить деревья на участке,188,4,pricing,other,arboristik.ru
7,стоит спилить / спилить / дерево / сколько стоит / стоит,20,769,сколько стоит спилить одно дерево на участке,14,4,pricing,other,arboristik.ru
7,стоит спилить / спилить / дерево / сколько стоит / стоит,20,769,сколько стоит спилить высокое дерево,10,3,pricing,other,arboristik.ru
21,уборка / москве / снега москве / снега / уборка снега,4,714,уборка снега в москве,10399,693,lead,other,liwood.ru
21,уборка / москве / снега москве / снега / уборка снега,4,714,уборка улиц в москве,272,10,lead,other,liwood.ru
21,уборка / москве / снега москве / снега / уборка снега,4,714,уборка снега в москве цены,216,8,lead,other,liwood.ru
21,уборка / москве / снега москве / снега / уборка снега,4,714,порядок утилизации снега в москве,6,3,lead,other,liwood.ru
55,сколько / стоит / сколько стоит / деревья / выкорчевать,31,592,сколько стоит покос травы,2361,167,pricing,uborka-territorii,liwood.ru
55,сколько / стоит / сколько стоит / деревья / выкорчевать,31,592,сколько стоит выравнивание участка,397,46,pricing,uborka-territorii,"arboristik.ru,liwood.ru"
55,сколько / стоит / сколько стоит / деревья / выкорчевать,31,592,сколько стоит ландшафтный дизайн,818,45,pricing,other,liwood.ru
55,сколько / стоит / сколько стоит / деревья / выкорчевать,31,592,сколько стоит куб березы,524,37,pricing,other,arboristik.ru
55,сколько / стоит / сколько стоит / деревья / выкорчевать,31,592,сколько стоит скосить сотку травы,445,33,pricing,other,arboristik.ru
55,сколько / стоит / сколько стоит / деревья / выкорчевать,31,592,сколько стоит обрезка деревьев,387,31,pricing,arboristika,liwood.ru
55,сколько / стоит / сколько стоит / деревья / выкорчевать,31,592,лесная декларация за сколько дней подается,41,28,pricing,other,arborist.su
55,сколько / стоит / сколько стоит / деревья / выкорчевать,31,592,сколько стоит выкорчевать пень,158,25,pricing,arboristika,"arboristik.ru,liwood.ru"
55,сколько / стоит / сколько стоит / деревья / выкорчевать,31,592,сколько стоит выкорчевать деревья на участке,77,22,pricing,other,arboristik.ru
55,сколько / стоит / сколько стоит / деревья / выкорчевать,31,592,сколько стоит выкорчевать дерево,339,20,pricing,other,arboristik.ru
55,сколько / стоит / сколько стоит / деревья / выкорчевать,31,592,сколько стоит покос травы за 1 сотку,62,14,pricing,uborka-territorii,liwood.ru
55,сколько / стоит / сколько стоит / деревья / выкорчевать,31,592,сколько стоит делянка в лесу под спил,50,11,pricing,arboristika,liwood.ru
55,сколько / стоит / сколько стоит / деревья / выкорчевать,31,592,сколько стоит попилить дрова бензопилой 1 куб,13,11,pricing,other,arboristik.ru
55,сколько / стоит / сколько стоит / деревья / выкорчевать,31,592,сколько мочевины на 10 литров воды для подкормки,16,10,pricing,other,liwood.ru
55,сколько / стоит / сколько стоит / деревья / выкорчевать,31,592,сколько стоит лицензия на вырубку леса,11,9,pricing,other,"arborist.su,liwood.ru"
55,сколько / стоит / сколько стоит / деревья / выкорчевать,31,592,сколько стоит выкорчевать деревья на участке 6 соток,13,8,pricing,other,"arborist.su,liwood.ru"
55,сколько / стоит / сколько стоит / деревья / выкорчевать,31,592,сколько стоит вырубить деревья на участке,26,8,pricing,other,"arboristik.ru,liwood.ru"
55,сколько / стоит / сколько стоит / деревья / выкорчевать,31,592,сколько стоит убрать дерево на участке,13,8,pricing,other,"arboristik.ru,liwood.ru"
55,сколько / стоит / сколько стоит / деревья / выкорчевать,31,592,проект освоения лесов сколько действует,11,6,pricing,other,arborist.su
55,сколько / стоит / сколько стоит / деревья / выкорчевать,31,592,сколько стоит завалить дерево,28,6,pricing,other,"arboristik.ru,liwood.ru"
55,сколько / стоит / сколько стоит / деревья / выкорчевать,31,592,сколько стоит обрезать яблоню взрослую,6,6,pricing,other,liwood.ru
55,сколько / стоит / сколько стоит / деревья / выкорчевать,31,592,сколько стоит подготовить участок к строительству дома,13,6,pricing,other,liwood.ru
55,сколько / стоит / сколько стоит / деревья / выкорчевать,31,592,сколько живет личинка короеда в доске,9,5,pricing,other,liwood.ru
55,сколько / стоит / сколько стоит / деревья / выкорчевать,31,592,сколько стоит завалить дерево на участке цена,10,5,pricing,other,liwood.ru
55,сколько / стоит / сколько стоит / деревья / выкорчевать,31,592,сколько стоит выравнивание участка 10 соток,5,4,pricing,uborka-territorii,arboristik.ru
55,сколько / стоит / сколько стоит / деревья / выкорчевать,31,592,сколько стоит выровнять землю на участке,11,4,pricing,other,"arboristik.ru,liwood.ru"
55,сколько / стоит / сколько стоит / деревья / выкорчевать,31,592,сколько стоит вырубить деревья на участке 10 соток,4,4,pricing,other,arboristik.ru
55,сколько / стоит / сколько стоит / деревья / выкорчевать,31,592,сколько стоит убрать деревья с участка,21,4,pricing,other,arboristik.ru
55,сколько / стоит / сколько стоит / деревья / выкорчевать,31,592,сколько стоит вывезти ветки с участка,3,3,pricing,other,"arboristik.ru,liwood.ru"
55,сколько / стоит / сколько стоит / деревья / выкорчевать,31,592,сколько стоит сломать сарай,34,3,pricing,demontazh,arboristik.ru
55,сколько / стоит / сколько стоит / деревья / выкорчевать,31,592,сколько стоит убрать дерево с участка с корнем,5,3,pricing,other,arboristik.ru
5,расчет / онлайн / калькулятор / онлайн калькулятор / лесную декларацию,24,473,расчет деревянной балки на прогиб калькулятор онлайн,192,118,pricing,other,liwood.ru
5,расчет / онлайн / калькулятор / онлайн калькулятор / лесную декларацию,24,473,онлайн расчет короба под сабвуфер,99,86,pricing,other,liwood.ru
5,расчет / онлайн / калькулятор / онлайн калькулятор / лесную декларацию,24,473,расчет линолеума онлайн калькулятор по площади,91,74,pricing,other,liwood.ru
5,расчет / онлайн / калькулятор / онлайн калькулятор / лесную декларацию,24,473,расчет спн,235,23,pricing,other,liwood.ru
5,расчет / онлайн / калькулятор / онлайн калькулятор / лесную декларацию,24,473,расчет линолеума онлайн,202,20,pricing,other,liwood.ru
5,расчет / онлайн / калькулятор / онлайн калькулятор / лесную декларацию,24,473,расчет посадки онлайн,156,17,pricing,other,liwood.ru
5,расчет / онлайн / калькулятор / онлайн калькулятор / лесную декларацию,24,473,как подать лесную декларацию,157,16,lead,other,arborist.su
5,расчет / онлайн / калькулятор / онлайн калькулятор / лесную декларацию,24,473,расчет пандуса для инвалидов калькулятор,40,16,pricing,other,liwood.ru
5,расчет / онлайн / калькулятор / онлайн калькулятор / лесную декларацию,24,473,расчет монолитного перекрытия по профлисту онлайн калькулятор,16,14,pricing,other,liwood.ru
5,расчет / онлайн / калькулятор / онлайн калькулятор / лесную декларацию,24,473,расчет электродов на 1 метр шва онлайн калькулятор,14,14,pricing,other,liwood.ru
5,расчет / онлайн / калькулятор / онлайн калькулятор / лесную декларацию,24,473,расчет кирпича на столбы для забора калькулятор,14,13,pricing,other,liwood.ru
5,расчет / онлайн / калькулятор / онлайн калькулятор / лесную декларацию,24,473,как подать лесную декларацию во фгис лк,10,9,lead,other,arborist.su
5,расчет / онлайн / калькулятор / онлайн калькулятор / лесную декларацию,24,473,как рассчитать обороты по шкивам онлайн калькулятор,6,6,pricing,other,liwood.ru
5,расчет / онлайн / калькулятор / онлайн калькулятор / лесную декларацию,24,473,подать лесную декларацию,544,5,lead,other,arborist.su
5,расчет / онлайн / калькулятор / онлайн калькулятор / лесную декларацию,24,473,расчет водоизмещения судна онлайн калькулятор,5,5,pricing,other,liwood.ru
5,расчет / онлайн / калькулятор / онлайн калькулятор / лесную декларацию,24,473,расчет осп калькулятор,42,5,pricing,other,liwood.ru
5,расчет / онлайн / калькулятор / онлайн калькулятор / лесную декларацию,24,473,расчет профлиста по несущей способности онлайн,14,5,pricing,other,liwood.ru
5,расчет / онлайн / калькулятор / онлайн калькулятор / лесную декларацию,24,473,подать лесную декларацию через госуслуги,27,4,lead,other,arborist.su
5,расчет / онлайн / калькулятор / онлайн калькулятор / лесную декларацию,24,473,развертка листа онлайн калькулятор,24,4,pricing,other,liwood.ru
5,расчет / онлайн / калькулятор / онлайн калькулятор / лесную декларацию,24,473,рассчитать площадь короба онлайн калькулятор,8,4,pricing,other,liwood.ru
5,расчет / онлайн / калькулятор / онлайн калькулятор / лесную декларацию,24,473,расчет винтового домкрата онлайн,5,4,pricing,other,liwood.ru
5,расчет / онлайн / калькулятор / онлайн калькулятор / лесную декларацию,24,473,расчет купольного дома калькулятор на русском,4,4,pricing,other,liwood.ru
5,расчет / онлайн / калькулятор / онлайн калькулятор / лесную декларацию,24,473,расчет тени от дома на участке онлайн,8,4,pricing,other,liwood.ru
5,расчет / онлайн / калькулятор / онлайн калькулятор / лесную декларацию,24,473,заполнение лотка кабелем онлайн расчет,24,3,pricing,other,liwood.ru
18,калькулятор / расхода / калькулятор расхода / дров / дома,26,432,калькулятор дексдомитор,190,120,pricing,other,liwood.ru
18,калькулятор / расхода / калькулятор расхода / дров / дома,26,432,калькулятор дуги профильной трубы,230,69,pricing,other,liwood.ru
18,калькулятор / расхода / калькулятор расхода / дров / дома,26,432,калькулятор кварцвинила,322,25,pricing,other,liwood.ru
18,калькулятор / расхода / калькулятор расхода / дров / дома,26,432,калькулятор пандусов,719,22,pricing,other,liwood.ru
18,калькулятор / расхода / калькулятор расхода / дров / дома,26,432,калькулятор капролон,408,21,pricing,other,liwood.ru
18,калькулятор / расхода / калькулятор расхода / дров / дома,26,432,aion калькулятор шмота,20,19,pricing,other,liwood.ru
18,калькулятор / расхода / калькулятор расхода / дров / дома,26,432,калькулятор моточасов автомобиля,119,14,pricing,other,liwood.ru
18,калькулятор / расхода / калькулятор расхода / дров / дома,26,432,калькулятор уставного капитала,311,14,pricing,other,liwood.ru
18,калькулятор / расхода / калькулятор расхода / дров / дома,26,432,краска литры в кг калькулятор перевести,26,14,pricing,other,liwood.ru
18,калькулятор / расхода / калькулятор расхода / дров / дома,26,432,xcraft калькулятор лунопопыток,93,13,pricing,other,liwood.ru
18,калькулятор / расхода / калькулятор расхода / дров / дома,26,432,длина развертки при гибке калькулятор,49,13,pricing,other,liwood.ru
18,калькулятор / расхода / калькулятор расхода / дров / дома,26,432,калькулятор фальшпола,64,12,pricing,other,liwood.ru
18,калькулятор / расхода / калькулятор расхода / дров / дома,26,432,калькулятор дров,567,11,pricing,other,liwood.ru
18,калькулятор / расхода / калькулятор расхода / дров / дома,26,432,калькулятор расхода масла,118,9,pricing,other,liwood.ru
18,калькулятор / расхода / калькулятор расхода / дров / дома,26,432,калькулятор плитки пвх,64,8,pricing,other,liwood.ru
18,калькулятор / расхода / калькулятор расхода / дров / дома,26,432,температурное расширение стали калькулятор,32,8,pricing,other,liwood.ru
18,калькулятор / расхода / калькулятор расхода / дров / дома,26,432,калькулятор виноградова,28,6,pricing,other,liwood.ru
18,калькулятор / расхода / калькулятор расхода / дров / дома,26,432,усл печ л калькулятор,6,6,pricing,other,liwood.ru
18,калькулятор / расхода / калькулятор расхода / дров / дома,26,432,калькулятор крепости вина по сахару,15,4,pricing,other,liwood.ru
18,калькулятор / расхода / калькулятор расхода / дров / дома,26,432,калькулятор файла подкачки,23,4,pricing,other,liwood.ru
18,калькулятор / расхода / калькулятор расхода / дров / дома,26,432,калькулятор физического износа здания,87,4,pricing,other,liwood.ru
18,калькулятор / расхода / калькулятор расхода / дров / дома,26,432,швеллер площадь окраски калькулятор,56,4,pricing,other,liwood.ru
18,калькулятор / расхода / калькулятор расхода / дров / дома,26,432,калькулятор вместимости шпули спиннинговой катушки,3,3,pricing,other,liwood.ru
18,калькулятор / расхода / калькулятор расхода / дров / дома,26,432,калькулятор затяжки болтов,49,3,pricing,other,liwood.ru
18,калькулятор / расхода / калькулятор расхода / дров / дома,26,432,калькулятор расхода краски на автомобиль,3,3,pricing,other,liwood.ru
18,калькулятор / расхода / калькулятор расхода / дров / дома,26,432,калькулятор эпоксидной смолы для заливки картины,3,3,pricing,other,liwood.ru
42,участке цена / участке / цена / деревьев участке / деревьев,19,421,выкорчевывание деревьев на участке цена,225,148,pricing,other,liwood.ru
42,участке цена / участке / цена / деревьев участке / деревьев,19,421,измельчение веток на участке цена,73,41,pricing,other,arboristik.ru
42,участке цена / участке / цена / деревьев участке / деревьев,19,421,покосить траву на участке цена,157,38,pricing,other,arboristik.ru
42,участке цена / участке / цена / деревьев участке / деревьев,19,421,распил деревьев на участке цена,53,36,pricing,other,liwood.ru
42,участке цена / участке / цена / деревьев участке / деревьев,19,421,пилка деревьев на участке цена,43,30,pricing,other,"arboristik.ru,liwood.ru"
42,участке цена / участке / цена / деревьев участке / деревьев,19,421,корчевание пней на участке цена,52,19,pricing,other,arboristik.ru
42,участке цена / участке / цена / деревьев участке / деревьев,19,421,удаление деревьев на участке цена,55,14,pricing,arboristika,arboristik.ru
42,участке цена / участке / цена / деревьев участке / деревьев,19,421,выкорчевывание деревьев на участке цена московская область,13,13,pricing,other,liwood.ru
42,участке цена / участке / цена / деревьев участке / деревьев,19,421,спилить березу на дачном участке цена работы,12,12,pricing,other,"arborist.su,arboristik.ru"
42,участке цена / участке / цена / деревьев участке / деревьев,19,421,удаление пней на участке цена,13,12,pricing,arboristika,"arborist.su,arboristik.ru,liwood.ru"
42,участке цена / участке / цена / деревьев участке / деревьев,19,421,обработка от клещей на участке цена в московской области,11,10,pricing,other,liwood.ru
42,участке цена / участке / цена / деревьев участке / деревьев,19,421,спиливание деревьев на участке стоимость в подмосковье,8,8,lead,other,"arborist.su,arboristik.ru,liwood.ru"
42,участке цена / участке / цена / деревьев участке / деревьев,19,421,спилить сосну на участке цена сколько стоит,10,8,pricing,other,liwood.ru
42,участке цена / участке / цена / деревьев участке / деревьев,19,421,спилить ель на дачном участке цена,13,7,pricing,other,"arborist.su,arboristik.ru"
42,участке цена / участке / цена / деревьев участке / деревьев,19,421,земельные работы на участке выравнивание цена,7,6,pricing,uborka-territorii,arboristik.ru
42,участке цена / участке / цена / деревьев участке / деревьев,19,421,убрать деревья на участке цена,9,6,pricing,other,"arboristik.ru,liwood.ru"
42,участке цена / участке / цена / деревьев участке / деревьев,19,421,выкорчевывание пней на участке цена,15,5,pricing,other,liwood.ru
42,участке цена / участке / цена / деревьев участке / деревьев,19,421,выровнять землю на участке цена,11,4,pricing,other,arboristik.ru
42,участке цена / участке / цена / деревьев участке / деревьев,19,421,удаление дерева на участке цена московская область,31,4,pricing,arboristika,liwood.ru
43,участка / участка цена / цена / выравнивание / выравнивание участка,31,378,выравнивание участка цена за сотку московская область,80,66,pricing,uborka-territorii,"arboristik.ru,liwood.ru"
43,участка / участка цена / цена / выравнивание / выравнивание участка,31,378,выравнивание участка цена,590,39,pricing,uborka-territorii,liwood.ru
43,участка / участка цена / цена / выравнивание / выравнивание участка,31,378,расчистка участка цена,1616,37,pricing,uborka-territorii,liwood.ru
43,участка / участка цена / цена / выравнивание / выравнивание участка,31,378,проект ландшафтного дизайна участка цена,79,23,pricing,other,liwood.ru
43,участка / участка цена / цена / выравнивание / выравнивание участка,31,378,выравнивание участка под газон цена под ключ,61,18,pricing,uborka-territorii,"arboristik.ru,liwood.ru"
43,участка / участка цена / цена / выравнивание / выравнивание участка,31,378,выравнивание участка под газон цена под ключ в московской области,17,17,pricing,uborka-territorii,arboristik.ru
43,участка / участка цена / цена / выравнивание / выравнивание участка,31,378,обработка участка от клещей цена московская область,26,14,pricing,other,liwood.ru
43,участка / участка цена / цена / выравнивание / выравнивание участка,31,378,планировка участка цена за сотку московская область,16,13,pricing,other,arboristik.ru
43,участка / участка цена / цена / выравнивание / выравнивание участка,31,378,ландшафтный дизайн дачного участка цена,36,11,pricing,other,liwood.ru
43,участка / участка цена / цена / выравнивание / выравнивание участка,31,378,подготовка участка к зиме заказать,11,11,lead,uborka-territorii,liwood.ru
43,участка / участка цена / цена / выравнивание / выравнивание участка,31,378,подготовка участка под строительство дома цена,16,11,pricing,uborka-territorii,liwood.ru
43,участка / участка цена / цена / выравнивание / выравнивание участка,31,378,разравнивание участка цена,49,11,pricing,other,arboristik.ru
43,участка / участка цена / цена / выравнивание / выравнивание участка,31,378,уборка деревьев с участка цена,12,9,pricing,other,"arborist.su,arboristik.ru"
43,участка / участка цена / цена / выравнивание / выравнивание участка,31,378,вывоз веток с участка цена,185,8,pricing,uborka-territorii,arboristik.ru
43,участка / участка цена / цена / выравнивание / выравнивание участка,31,378,выравнивание участка цена за сотку,209,8,pricing,uborka-territorii,arboristik.ru
43,участка / участка цена / цена / выравнивание / выравнивание участка,31,378,разравнивание участка трактором цена,10,8,pricing,other,"arboristik.ru,liwood.ru"
43,участка / участка цена / цена / выравнивание / выравнивание участка,31,378,спил и вывоз деревьев с дачного участка в подмосковье,8,8,lead,arboristika,arboristik.ru
43,участка / участка цена / цена / выравнивание / выравнивание участка,31,378,вывоз веток с участка цена московская область,11,7,pricing,uborka-territorii,"arboristik.ru,liwood.ru"
43,участка / участка цена / цена / выравнивание / выравнивание участка,31,378,выравнивание участка под газон цена,81,7,pricing,uborka-territorii,liwood.ru
43,участка / участка цена / цена / выравнивание / выравнивание участка,31,378,поднятие участка грунтом и выравнивание цена,7,7,pricing,uborka-territorii,arboristik.ru
43,участка / участка цена / цена / выравнивание / выравнивание участка,31,378,планировка участка цена за сотку,44,6,pricing,other,arboristik.ru
43,участка / участка цена / цена / выравнивание / выравнивание участка,31,378,разработка участка цена за сотку,12,6,pricing,other,arboristik.ru
43,участка / участка цена / цена / выравнивание / выравнивание участка,31,378,убрать дерево с участка цена,15,6,pricing,other,arboristik.ru
43,участка / участка цена / цена / выравнивание / выравнивание участка,31,378,ландшафтный дизайн участка цена,240,4,pricing,other,liwood.ru
43,участка / участка цена / цена / выравнивание / выравнивание участка,31,378,расчистка участка цена в ленобласти,4,4,pricing,uborka-territorii,arboristik.ru
43,участка / участка цена / цена / выравнивание / выравнивание участка,31,378,стоимость планировки участка бульдозером цена за м2,4,4,pricing,other,arboristik.ru
43,участка / участка цена / цена / выравнивание / выравнивание участка,31,378,вывоз деревьев с участка цена,153,3,pricing,other,"arboristik.ru,liwood.ru"
43,участка / участка цена / цена / выравнивание / выравнивание участка,31,378,заказать минитрактор для выравнивания участка,6,3,lead,uborka-territorii,arboristik.ru
43,участка / участка цена / цена / выравнивание / выравнивание участка,31,378,ландшафтный дизайн дачного участка цена за сотку под ключ подмосковье,7,3,pricing,other,liwood.ru
43,участка / участка цена / цена / выравнивание / выравнивание участка,31,378,планировка участка минитрактором цена,6,3,pricing,other,"arboristik.ru,liwood.ru"
43,участка / участка цена / цена / выравнивание / выравнивание участка,31,378,цена выравнивания участка,1882,3,pricing,uborka-territorii,arboristik.ru
6,участок / выровнять участок / выровнять / участок соток / соток,13,248,сколько стоит выровнять участок,836,80,pricing,other,arboristik.ru
6,участок / выровнять участок / выровнять / участок соток / соток,13,248,сколько стоит отсыпать участок 10 соток,36,33,pricing,other,arboristik.ru
6,участок / выровнять участок / выровнять / участок соток / соток,13,248,выровнять участок на даче сколько стоит,38,27,pricing,other,arboristik.ru
6,участок / выровнять участок / выровнять / участок соток / соток,13,248,сколько стоит выровнять участок 6 соток,28,26,pricing,other,arboristik.ru
6,участок / выровнять участок / выровнять / участок соток / соток,13,248,сколько стоит выровнять участок 10 соток,51,19,pricing,other,"arboristik.ru,liwood.ru"
6,участок / выровнять участок / выровнять / участок соток / соток,13,248,выровнять участок на даче под газон цена,15,13,pricing,other,arboristik.ru
6,участок / выровнять участок / выровнять / участок соток / соток,13,248,сколько стоит выровнять участок 12 соток,13,11,pricing,other,arboristik.ru
6,участок / выровнять участок / выровнять / участок соток / соток,13,248,выровнять участок 6 соток цена,20,10,pricing,other,arboristik.ru
6,участок / выровнять участок / выровнять / участок соток / соток,13,248,сколько стоит поднять участок 6 соток на 50 см,9,9,pricing,other,arboristik.ru
6,участок / выровнять участок / выровнять / участок соток / соток,13,248,сколько стоит выровнять участок 10 соток в подмосковье,7,7,lead,other,"arboristik.ru,liwood.ru"
6,участок / выровнять участок / выровнять / участок соток / соток,13,248,выровнять участок под газон цена за сотку,13,5,pricing,other,"arboristik.ru,liwood.ru"
6,участок / выровнять участок / выровнять / участок соток / соток,13,248,сколько стоит выровнять участок 15 соток,5,5,pricing,other,"arboristik.ru,liwood.ru"
6,участок / выровнять участок / выровнять / участок соток / соток,13,248,сколько стоит раскорчевать участок 10 соток,4,3,pricing,other,arboristik.ru
0,цены / спил деревьев / спил / деревьев / московской области,11,231,спил деревьев сколько стоит,676,39,pricing,arboristika,"arboristik.ru,liwood.ru"
0,цены / спил деревьев / спил / деревьев / московской области,11,231,сколько стоит спил деревьев,673,36,pricing,arboristika,liwood.ru
0,цены / спил деревьев / спил / деревьев / московской области,11,231,спил деревьев в московской области цены,59,35,pricing,arboristika,"arboristik.ru,liwood.ru"
0,цены / спил деревьев / спил / деревьев / московской области,11,231,удаление деревьев на участке в московской области цены,27,27,pricing,arboristika,"arborist.su,arboristik.ru,liwood.ru"
0,цены / спил деревьев / спил / деревьев / московской области,11,231,спил деревьев в хабаровске цена,27,26,pricing,arboristika,arboristik.ru
0,цены / спил деревьев / спил / деревьев / московской области,11,231,спил деревьев в иваново цены,21,19,pricing,arboristika,arboristik.ru
0,цены / спил деревьев / спил / деревьев / московской области,11,231,ландшафтный дизайн цены,1409,18,pricing,other,liwood.ru
0,цены / спил деревьев / спил / деревьев / московской области,11,231,удаление деревьев в московской области цены,38,11,pricing,arboristika,"arboristik.ru,liwood.ru"
0,цены / спил деревьев / спил / деревьев / московской области,11,231,спил деревьев в московской области цена за штуку,11,9,pricing,arboristika,arboristik.ru
0,цены / спил деревьев / спил / деревьев / московской области,11,231,цены на дерево,13166,7,pricing,other,arboristik.ru
0,цены / спил деревьев / спил / деревьев / московской области,11,231,фрезеровка пней цены,4,4,pricing,other,liwood.ru
45,услуги / деревьев / цена услуги / уборка / щепу,17,221,услуги по очистке снега,2373,55,lead,other,liwood.ru
45,услуги / деревьев / цена услуги / уборка / щепу,17,221,промышленные альпинисты москва услуги цена,51,40,lead,other,liwood.ru
45,услуги / деревьев / цена услуги / уборка / щепу,17,221,измельчение деревьев в щепу услуги,32,23,lead,other,"arboristik.ru,liwood.ru"
45,услуги / деревьев / цена услуги / уборка / щепу,17,221,дробление веток в щепу цена услуги,25,20,lead,other,liwood.ru
45,услуги / деревьев / цена услуги / уборка / щепу,17,221,обрезка сада услуги,78,9,lead,arboristika,arboristik.ru
45,услуги / деревьев / цена услуги / уборка / щепу,17,221,услуги по распилу древесины,29,9,lead,other,arboristik.ru
45,услуги / деревьев / цена услуги / уборка / щепу,17,221,услуги по спиливанию деревьев,25,9,lead,other,liwood.ru
45,услуги / деревьев / цена услуги / уборка / щепу,17,221,ландшафтный дизайнер цена услуги,61,8,lead,other,liwood.ru
45,услуги / деревьев / цена услуги / уборка / щепу,17,221,услуги арбористов,71,8,lead,other,"arboristik.ru,liwood.ru"
45,услуги / деревьев / цена услуги / уборка / щепу,17,221,услуги по обрезке яблонь,22,8,lead,other,liwood.ru
45,услуги / деревьев / цена услуги / уборка / щепу,17,221,уборка огорода услуги,18,6,lead,other,arboristik.ru
45,услуги / деревьев / цена услуги / уборка / щепу,17,221,услуги дробилки древесных отходов,8,6,lead,other,arboristik.ru
45,услуги / деревьев / цена услуги / уборка / щепу,17,221,услуги по вырубке деревьев,99,6,lead,other,"arborist.su,arboristik.ru,liwood.ru"
45,услуги / деревьев / цена услуги / уборка / щепу,17,221,услуги измельчителя веток,35,4,lead,other,"arboristik.ru,liwood.ru"
45,услуги / деревьев / цена услуги / уборка / щепу,17,221,услуги озеленения и благоустройства,130,4,lead,other,liwood.ru
45,услуги / деревьев / цена услуги / уборка / щепу,17,221,услуги арбориста,71,3,lead,other,arboristik.ru
45,услуги / деревьев / цена услуги / уборка / щепу,17,221,услуги по обрезке деревьев,144,3,lead,other,"arboristik.ru,liwood.ru"
36,дерева / спил дерева / сколько штраф / штраф / спил,9,201,спил дерева цена,4336,64,pricing,arboristika,arboristik.ru
36,дерева / спил дерева / сколько штраф / штраф / спил,9,201,спил дерева цена работы,228,59,pricing,arboristika,"arboristik.ru,liwood.ru"
36,дерева / спил дерева / сколько штраф / штраф / спил,9,201,сколько стоит спил дерева,673,40,pricing,arboristika,"arboristik.ru,liwood.ru"
36,дерева / спил дерева / сколько штраф / штраф / спил,9,201,цена спила дерева,1125,11,pricing,other,arboristik.ru
36,дерева / спил дерева / сколько штраф / штраф / спил,9,201,как посчитать диаметр дерева,58,9,pricing,other,arborist.su
36,дерева / спил дерева / сколько штраф / штраф / спил,9,201,сколько штраф за спил дерева,57,8,pricing,arboristika,liwood.ru
36,дерева / спил дерева / сколько штраф / штраф / спил,9,201,сколько штраф за срубленное дерево в лесу,4,4,pricing,other,liwood.ru
36,дерева / спил дерева / сколько штраф / штраф / спил,9,201,обрезка дерева цена,2106,3,pricing,arboristika,liwood.ru
36,дерева / спил дерева / сколько штраф / штраф / спил,9,201,сколько штраф за вырубку дерева,42,3,pricing,other,liwood.ru
4,деревьев цена / деревьев / цена / обрезка / кронирование,17,187,обрезка деревьев цена,2106,52,pricing,arboristika,liwood.ru
4,деревьев цена / деревьев / цена / обрезка / кронирование,17,187,стоимость спила деревьев цена,46,31,pricing,other,arboristik.ru
4,деревьев цена / деревьев / цена / обрезка / кронирование,17,187,спил веток деревьев цена,29,16,pricing,arboristika,liwood.ru
4,деревьев цена / деревьев / цена / обрезка / кронирование,17,187,обрезка садовых деревьев цена в подмосковье,15,15,lead,arboristika,"arborist.su,liwood.ru"
4,деревьев цена / деревьев / цена / обрезка / кронирование,17,187,обрезка деревьев цена в подмосковье,40,14,lead,arboristika,"arborist.su,liwood.ru"
4,деревьев цена / деревьев / цена / обрезка / кронирование,17,187,утилизация веток деревьев цена,11,9,pricing,other,arboristik.ru
4,деревьев цена / деревьев / цена / обрезка / кронирование,17,187,стоимость спила деревьев цена московская область,8,8,pricing,other,"arborist.su,arboristik.ru"
4,деревьев цена / деревьев / цена / обрезка / кронирование,17,187,валка деревьев цена,241,7,pricing,arboristika,arborist.su
4,деревьев цена / деревьев / цена / обрезка / кронирование,17,187,кронирование деревьев цена,134,6,pricing,other,"arboristik.ru,liwood.ru"
4,деревьев цена / деревьев / цена / обрезка / кронирование,17,187,срубка деревьев цена,9,5,pricing,other,"arboristik.ru,liwood.ru"
4,деревьев цена / деревьев / цена / обрезка / кронирование,17,187,кронирование деревьев цена за одно дерево,4,4,pricing,other,liwood.ru
4,деревьев цена / деревьев / цена / обрезка / кронирование,17,187,кронирование деревьев цена московская область,6,4,pricing,other,liwood.ru
4,деревьев цена / деревьев / цена / обрезка / кронирование,17,187,санитарная обрезка деревьев цена,12,4,pricing,arboristika,"arborist.su,arboristik.ru,liwood.ru"
4,деревьев цена / деревьев / цена / обрезка / кронирование,17,187,каблинг деревьев цена,4,3,pricing,other,"arboristik.ru,liwood.ru"
4,деревьев цена / деревьев / цена / обрезка / кронирование,17,187,компании по спилу деревьев,52,3,lead,other,arboristik.ru
4,деревьев цена / деревьев / цена / обрезка / кронирование,17,187,спил аварийных деревьев цена,24,3,pricing,arboristika,"arborist.su,arboristik.ru,liwood.ru"
4,деревьев цена / деревьев / цена / обрезка / кронирование,17,187,удаление деревьев цена,117,3,pricing,arboristika,liwood.ru
10,спилить дерево / спилить / дерево / дерево даче / даче,7,184,спилить дерево на кладбище цена,182,93,pricing,other,"arboristik.ru,liwood.ru"
10,спилить дерево / спилить / дерево / дерево даче / даче,7,184,спилить дерево на даче цена спб,43,27,pricing,other,arboristik.ru
10,спилить дерево / спилить / дерево / дерево даче / даче,7,184,спилить дерево в екатеринбурге цена,19,18,pricing,other,arboristik.ru
10,спилить дерево / спилить / дерево / дерево даче / даче,7,184,спилить дерево в москве,478,16,lead,other,"arboristik.ru,liwood.ru"
10,спилить дерево / спилить / дерево / дерево даче / даче,7,184,спилить дерево на даче цена московская область,19,16,pricing,other,"arboristik.ru,liwood.ru"
10,спилить дерево / спилить / дерево / дерево даче / даче,7,184,сколько стоит спилить дерево на даче,35,7,pricing,other,arboristik.ru
10,спилить дерево / спилить / дерево / дерево даче / даче,7,184,спилить дерево на даче сколько стоит,35,7,pricing,other,"arborist.su,arboristik.ru"
31,снести / стоит снести / снести сарай / снести дом / сарай,5,171,снести дом на участке цена,340,98,pricing,other,arboristik.ru
31,снести / стоит снести / снести сарай / снести дом / сарай,5,171,сколько стоит снести дом на участке и вывезти мусор,126,36,pricing,vyvoz-musora,arboristik.ru
31,снести / стоит снести / снести сарай / снести дом / сарай,5,171,сколько стоит снести дом и вывезти мусор,161,16,pricing,vyvoz-musora,arboristik.ru
31,снести / стоит снести / снести сарай / снести дом / сарай,5,171,сколько стоит снести сарай,103,16,pricing,demontazh,arboristik.ru
31,снести / стоит снести / снести сарай / снести дом / сарай,5,171,снести сарай на участке и вывезти цена,8,5,pricing,demontazh,arboristik.ru
15,участка деревьев / расчистка участка / расчистка / кустарников цена / деревьев кустарников,6,168,расчистка участка от деревьев и кустарников цена,304,106,pricing,uborka-territorii,arboristik.ru
15,участка деревьев / расчистка участка / расчистка / кустарников цена / деревьев кустарников,6,168,стоимость расчистки участка от деревьев и кустарников цена за сотку,26,25,pricing,uborka-territorii,"arborist.su,liwood.ru"
15,участка деревьев / расчистка участка / расчистка / кустарников цена / деревьев кустарников,6,168,расчистка участка от деревьев и кустарников цена московская область,24,13,pricing,uborka-territorii,liwood.ru
15,участка деревьев / расчистка участка / расчистка / кустарников цена / деревьев кустарников,6,168,расчистка участка от деревьев и кустарников цена за сотку,117,11,pricing,uborka-territorii,arboristik.ru
15,участка деревьев / расчистка участка / расчистка / кустарников цена / деревьев кустарников,6,168,расчистка участка от деревьев и кустарников цена за сотку московская область,8,8,pricing,uborka-territorii,liwood.ru
15,участка деревьев / расчистка участка / расчистка / кустарников цена / деревьев кустарников,6,168,расчистка участка от деревьев цена за сотку,126,5,pricing,uborka-territorii,"arboristik.ru,liwood.ru"
39,москве / обрезка деревьев / обрезка / билета / билета москве,11,158,работа в москве альпинистом,222,52,lead,other,liwood.ru
39,москве / обрезка деревьев / обрезка / билета / билета москве,11,158,оформление порубочного билета в москве,35,20,lead,other,"arborist.su,liwood.ru"
39,москве / обрезка деревьев / обрезка / билета / билета москве,11,158,обрезка деревьев заказать,205,19,lead,arboristika,liwood.ru
39,москве / обрезка деревьев / обрезка / билета / билета москве,11,158,обрезка деревьев в москве,227,13,lead,arboristika,"arboristik.ru,liwood.ru"
39,москве / обрезка деревьев / обрезка / билета / билета москве,11,158,получение порубочного билета в москве,23,13,lead,other,liwood.ru
39,москве / обрезка деревьев / обрезка / билета / билета москве,11,158,вывоз порубочных остатков в москве,16,11,lead,uborka-territorii,"arborist.su,arboristik.ru"
39,москве / обрезка деревьев / обрезка / билета / билета москве,11,158,закрытие порубочного билета в москве документы,9,9,lead,other,"arborist.su,liwood.ru"
39,москве / обрезка деревьев / обрезка / билета / билета москве,11,158,паспорт благоустройства территории в москве стоимость,9,9,lead,other,arborist.su
39,москве / обрезка деревьев / обрезка / билета / билета москве,11,158,санитарная обрезка деревьев нормы и правила в москве,5,5,lead,arboristika,"arborist.su,arboristik.ru"
39,москве / обрезка деревьев / обрезка / билета / билета москве,11,158,оформление порубочного билета в москве пошаговая инструкция,4,4,lead,other,liwood.ru
39,москве / обрезка деревьев / обрезка / билета / билета москве,11,158,измельчитель пней в аренду в москве,3,3,lead,other,liwood.ru
1,снега / вывоз снега / куб / цена куб / вывоз,7,139,вывоз снега в москве,499,43,lead,other,liwood.ru
1,снега / вывоз снега / куб / цена куб / вывоз,7,139,вывоз снега в москве с погрузкой,146,38,lead,other,liwood.ru
1,снега / вывоз снега / куб / цена куб / вывоз,7,139,утилизация снега цена за 1 куб,56,32,pricing,other,liwood.ru
1,снега / вывоз снега / куб / цена куб / вывоз,7,139,вывоз снега цена за куб,100,15,pricing,other,liwood.ru
1,снега / вывоз снега / куб / цена куб / вывоз,7,139,вывоз снега в москве с погрузкой цена за куб,4,4,lead,other,liwood.ru
1,снега / вывоз снега / куб / цена куб / вывоз,7,139,вывоз снега с погрузкой цена за куб,14,4,pricing,other,liwood.ru
1,снега / вывоз снега / куб / цена куб / вывоз,7,139,сколько стоит вывоз снега 1 куб,6,3,pricing,other,liwood.ru
23,билет / порубочный билет / порубочный / билет москве / москве,10,132,порубочный билет сколько стоит,373,49,pricing,other,liwood.ru
23,билет / порубочный билет / порубочный / билет москве / москве,10,132,порубочный билет московская область цена за дерево,28,21,pricing,other,liwood.ru
23,билет / порубочный билет / порубочный / билет москве / москве,10,132,сколько действует порубочный билет,16,13,pricing,other,arborist.su
23,билет / порубочный билет / порубочный / билет москве / москве,10,132,получить порубочный билет в москве,64,12,lead,other,liwood.ru
23,билет / порубочный билет / порубочный / билет москве / москве,10,132,порубочный билет в москве,445,9,lead,other,liwood.ru
23,билет / порубочный билет / порубочный / билет москве / москве,10,132,кто получает порубочный билет заказчик или подрядчик,7,7,lead,other,liwood.ru
23,билет / порубочный билет / порубочный / билет москве / москве,10,132,как закрыть порубочный билет в москве,8,6,lead,other,"arborist.su,liwood.ru"
23,билет / порубочный билет / порубочный / билет москве / москве,10,132,как оформить порубочный билет в москве для юридических лиц,5,5,lead,other,"arborist.su,liwood.ru"
23,билет / порубочный билет / порубочный / билет москве / москве,10,132,кто выдает порубочный билет в москве,10,5,lead,other,liwood.ru
23,билет / порубочный билет / порубочный / билет москве / москве,10,132,порубочный билет на вырубку деревьев цена,5,5,pricing,other,liwood.ru
9,участок цена / участок / выровнять участок / выровнять / цена московская,4,119,выровнять участок цена московская область,67,53,pricing,other,"arboristik.ru,liwood.ru"
9,участок цена / участок / выровнять участок / выровнять / цена московская,4,119,выровнять участок цена,363,51,pricing,other,"arboristik.ru,liwood.ru"
9,участок цена / участок / выровнять участок / выровнять / цена московская,4,119,выровнять участок цена московская область за сотку,10,10,pricing,other,arboristik.ru
9,участок цена / участок / выровнять участок / выровнять / цена московская,4,119,разровнять участок цена московская область,5,5,pricing,other,arboristik.ru
46,дерево цена / дерево / цена / стоит / сколько стоит,2,117,спилить дерево цена,2628,107,pricing,other,arboristik.ru
46,дерево цена / дерево / цена / стоит / сколько стоит,2,117,сколько стоит свалить дерево цена,13,10,pricing,other,"arboristik.ru,liwood.ru"
22,короба сабвуфера / сабвуфера / короба / калькулятор расчета / расчета,2,103,калькулятор для расчета короба сабвуфера,163,92,pricing,other,liwood.ru
22,короба сабвуфера / сабвуфера / короба / калькулятор расчета / расчета,2,103,калькулятор объема короба для сабвуфера,56,11,pricing,other,liwood.ru
54,специалист деревьям / деревьям / специалист / называется / деревьям называется,3,97,специалист по деревьям,1631,80,lead,other,arborist.su
54,специалист деревьям / деревьям / специалист / называется / деревьям называется,3,97,специалист по деревьям как называется,96,12,lead,other,arboristik.ru
54,специалист деревьям / деревьям / специалист / называется / деревьям называется,3,97,специалист по деревьям как называется профессия,11,5,lead,other,arborist.su
8,плодовых / плодовых деревьев / деревьев / обрезка / обрезка плодовых,7,87,обрезка деревьев плодовых цена,399,31,pricing,arboristika,"arborist.su,liwood.ru"
8,плодовых / плодовых деревьев / деревьев / обрезка / обрезка плодовых,7,87,обрезка плодовых деревьев цена,399,31,pricing,arboristika,arboristik.ru
8,плодовых / плодовых деревьев / деревьев / обрезка / обрезка плодовых,7,87,сколько стоит обрезка плодовых деревьев,34,11,pricing,arboristika,liwood.ru
8,плодовых / плодовых деревьев / деревьев / обрезка / обрезка плодовых,7,87,профессиональная обрезка плодовых деревьев в подмосковье,6,4,lead,arboristika,"arboristik.ru,liwood.ru"
8,плодовых / плодовых деревьев / деревьев / обрезка / обрезка плодовых,7,87,специалист по обрезке плодовых деревьев,49,4,lead,other,"arborist.su,liwood.ru"
8,плодовых / плодовых деревьев / деревьев / обрезка / обрезка плодовых,7,87,сколько стоит обрезка плодовых деревьев цены,6,3,pricing,arboristika,"arboristik.ru,liwood.ru"
8,плодовых / плодовых деревьев / деревьев / обрезка / обрезка плодовых,7,87,цена обрезки плодовых деревьев,173,3,pricing,other,"arborist.su,liwood.ru"
24,своем участке / своем / дерево своем / участке / участке подмосковье,3,86,спилить дерево на своем участке цена,105,76,pricing,other,"arboristik.ru,liwood.ru"
24,своем участке / своем / дерево своем / участке / участке подмосковье,3,86,порубочный билет московская область цена за дерево на своем участке,7,7,pricing,other,liwood.ru
24,своем участке / своем / дерево своем / участке / участке подмосковье,3,86,какие деревья можно пилить без разрешения на своем участке в подмосковье,3,3,lead,other,liwood.ru
51,вырубка деревьев / вырубка / деревьев / деревьев москве / москве,4,86,вырубка деревьев в москве,288,55,lead,other,"arborist.su,liwood.ru"
51,вырубка деревьев / вырубка / деревьев / деревьев москве / москве,4,86,вырубка деревьев на участке московская область цена,32,20,pricing,other,"arborist.su,arboristik.ru,liwood.ru"
51,вырубка деревьев / вырубка / деревьев / деревьев москве / москве,4,86,вырубка деревьев на собственном участке цена,15,8,pricing,other,"arboristik.ru,liwood.ru"
51,вырубка деревьев / вырубка / деревьев / деревьев москве / москве,4,86,вырубка деревьев на участке цена за сотку,6,3,pricing,other,"arborist.su,arboristik.ru,liwood.ru"
16,калькулятор онлайн / онлайн / калькулятор / круглого леса / круглого,6,84,кубатурник круглого леса 6 метров калькулятор онлайн,34,34,pricing,other,liwood.ru
16,калькулятор онлайн / онлайн / калькулятор / круглого леса / круглого,6,84,расчет кубатуры круглого леса калькулятор онлайн,20,16,pricing,other,liwood.ru
16,калькулятор онлайн / онлайн / калькулятор / круглого леса / круглого,6,84,объем помещения калькулятор онлайн,265,14,pricing,other,liwood.ru
16,калькулятор онлайн / онлайн / калькулятор / круглого леса / круглого,6,84,сколько нужно крестиков для плитки на 1 м2 калькулятор онлайн,9,9,pricing,other,liwood.ru
16,калькулятор онлайн / онлайн / калькулятор / круглого леса / круглого,6,84,вес бруса калькулятор онлайн,10,7,pricing,other,liwood.ru
16,калькулятор онлайн / онлайн / калькулятор / круглого леса / круглого,6,84,калькулятор лстк конструкций онлайн,7,4,pricing,other,liwood.ru
26,территории / кустарников цена / деревьев кустарников / кустарников / расчистка,7,75,расчистка территории от деревьев и кустарников цена,35,28,pricing,uborka-territorii,"arboristik.ru,liwood.ru"
26,территории / кустарников цена / деревьев кустарников / кустарников / расчистка,7,75,очистка территории от деревьев и кустарников цена,19,14,pricing,other,arboristik.ru
26,территории / кустарников цена / деревьев кустарников / кустарников / расчистка,7,75,расчистка лэп от деревьев и кустарников цена за гектар,15,12,pricing,uborka-territorii,arboristik.ru
26,территории / кустарников цена / деревьев кустарников / кустарников / расчистка,7,75,расчистка участков от деревьев и кустарников цена,304,8,pricing,uborka-territorii,"arboristik.ru,liwood.ru"
26,территории / кустарников цена / деревьев кустарников / кустарников / расчистка,7,75,очистка участков от деревьев и кустарников цена,110,5,pricing,other,arboristik.ru
26,территории / кустарников цена / деревьев кустарников / кустарников / расчистка,7,75,компания по озеленению и благоустройству территории,11,4,lead,other,liwood.ru
26,территории / кустарников цена / деревьев кустарников / кустарников / расчистка,7,75,раскорчевка и расчистка участков цена,4,4,pricing,uborka-territorii,"arborist.su,liwood.ru"
52,стоит порубочный / порубочный билет / порубочный / билет / стоит,3,72,сколько стоит порубочный билет,388,52,pricing,other,"arborist.su,liwood.ru"
52,стоит порубочный / порубочный билет / порубочный / билет / стоит,3,72,сколько стоит порубочный билет на одно дерево,30,11,pricing,other,liwood.ru
52,стоит порубочный / порубочный билет / порубочный / билет / стоит,3,72,сколько стоит порубочный билет в московской области,30,9,pricing,other,liwood.ru
25,дома / деревянного / деревянного дома / снос / цена,10,69,расход дров на отопление дома калькулятор,19,13,pricing,other,liwood.ru
25,дома / деревянного / деревянного дома / снос / цена,10,69,калькулятор оценки дома,375,10,pricing,other,liwood.ru
25,дома / деревянного / деревянного дома / снос / цена,10,69,снос деревянного дома цена,157,8,pricing,demontazh,arboristik.ru
25,дома / деревянного / деревянного дома / снос / цена,10,69,снос дома на даче цена в подмосковье,7,7,lead,demontazh,arboristik.ru
25,дома / деревянного / деревянного дома / снос / цена,10,69,украшение дома гирляндами снаружи цена,8,7,pricing,other,liwood.ru
25,дома / деревянного / деревянного дома / снос / цена,10,69,разбор деревянного дома и вывоз мусора цена,6,6,pricing,demontazh,arboristik.ru
25,дома / деревянного / деревянного дома / снос / цена,10,69,сколько стоит снос деревянного дома с вывозом цена,7,6,pricing,demontazh,arboristik.ru
25,дома / деревянного / деревянного дома / снос / цена,10,69,снос дома цена подмосковье,79,6,pricing,demontazh,arboristik.ru
25,дома / деревянного / деревянного дома / снос / цена,10,69,сколько стоит снос старого деревянного дома,24,3,pricing,demontazh,arboristik.ru
25,дома / деревянного / деревянного дома / снос / цена,10,69,снос деревянного дома цена московская область,4,3,pricing,demontazh,arboristik.ru
47,дом / деревянный дом / деревянный / разобрать / стоит разобрать,5,61,сколько стоит разобрать и вывезти старый дом,24,18,pricing,other,arboristik.ru
47,дом / деревянный дом / деревянный / разобрать / стоит разобрать,5,61,сколько стоит снести деревянный дом,64,15,pricing,other,arboristik.ru
47,дом / деревянный дом / деревянный / разобрать / стоит разобрать,5,61,сколько стоит снести деревянный дом и вывезти с участка,17,12,pricing,other,arboristik.ru
47,дом / деревянный дом / деревянный / разобрать / стоит разобрать,5,61,сколько стоит разобрать деревянный дом,90,11,pricing,other,arboristik.ru
47,дом / деревянный дом / деревянный / разобрать / стоит разобрать,5,61,сколько стоит разобрать дом из бревна старый цены,12,5,pricing,other,arboristik.ru
17,срубить дерево / срубить / стоит срубить / дерево / дерево участке,4,60,сколько стоит срубить дерево,248,24,pricing,other,"arborist.su,arboristik.ru,liwood.ru"
17,срубить дерево / срубить / стоит срубить / дерево / дерево участке,4,60,срубить дерево на участке цена,85,21,pricing,other,liwood.ru
17,срубить дерево / срубить / стоит срубить / дерево / дерево участке,4,60,срубить дерево на участке цена в подмосковье,10,9,lead,other,arboristik.ru
17,срубить дерево / срубить / стоит срубить / дерево / дерево участке,4,60,сколько стоит срубить дерево на участке,25,6,pricing,other,"arborist.su,arboristik.ru"
3,очистка участка / очистка / участка деревьев / кустарников цена / деревьев кустарников,3,55,очистка участка от деревьев и кустарников цена,110,45,pricing,other,"arborist.su,liwood.ru"
3,очистка участка / очистка / участка деревьев / кустарников цена / деревьев кустарников,3,55,очистка участка от деревьев и кустарников цена московская область за сотку,7,7,pricing,other,arboristik.ru
3,очистка участка / очистка / участка деревьев / кустарников цена / деревьев кустарников,3,55,очистка участка от деревьев и кустарников цена московская область,11,3,pricing,other,arboristik.ru
33,борщевика / обработка / борщевика цена / обработка борщевика / обработка участка,5,54,обработка от борщевика цены,90,27,pricing,other,liwood.ru
33,борщевика / обработка / борщевика цена / обработка борщевика / обработка участка,5,54,обработка от борщевика цены москва,17,16,pricing,other,liwood.ru
33,борщевика / обработка / борщевика цена / обработка борщевика / обработка участка,5,54,обработка участка от борщевика цена,10,5,pricing,other,liwood.ru
33,борщевика / обработка / борщевика цена / обработка борщевика / обработка участка,5,54,обработка борщевика гербицидами цена,3,3,pricing,other,liwood.ru
33,борщевика / обработка / борщевика цена / обработка борщевика / обработка участка,5,54,уничтожение борщевика цена,26,3,pricing,other,liwood.ru
44,мойка / фасадов / цена / москве / яблонь,2,49,мойка фасадов в москве,301,26,lead,other,liwood.ru
44,мойка / фасадов / цена / москве / яблонь,2,49,мойка фасада цена за м2,197,23,pricing,other,liwood.ru
28,трактором цена / трактором / участок трактором / участок / разровнять,4,47,разровнять участок трактором цена,96,36,pricing,other,arboristik.ru
28,трактором цена / трактором / участок трактором / участок / разровнять,4,47,выровнять участок трактором цена,8,5,pricing,other,arboristik.ru
28,трактором цена / трактором / участок трактором / участок / разровнять,4,47,выкорчевка пней трактором цена,11,3,pricing,other,"arborist.su,arboristik.ru,liwood.ru"
28,трактором цена / трактором / участок трактором / участок / разровнять,4,47,разровнять участок трактором цена московская область,7,3,pricing,other,arboristik.ru
14,стоит разровнять / разровнять / разровнять участок / участок / участок соток,4,40,сколько стоит разровнять участок,157,24,pricing,other,arboristik.ru
14,стоит разровнять / разровнять / разровнять участок / участок / участок соток,4,40,сколько стоит разровнять участок 10 соток,12,6,pricing,other,"arboristik.ru,liwood.ru"
14,стоит разровнять / разровнять / разровнять участок / участок / участок соток,4,40,сколько стоит разровнять участок 10 соток трактором,6,6,pricing,other,arboristik.ru
14,стоит разровнять / разровнять / разровнять участок / участок / участок соток,4,40,сколько стоит разровнять участок 15 соток,5,4,pricing,other,liwood.ru
35,стоит расчистить / расчистить участок / расчистить / участок / сколько стоит,3,32,сколько стоит расчистить участок,345,22,pricing,other,arboristik.ru
35,стоит расчистить / расчистить участок / расчистить / участок / сколько стоит,3,32,сколько стоит расчистить участок 10 соток,26,7,pricing,other,"arboristik.ru,liwood.ru"
35,стоит расчистить / расчистить участок / расчистить / участок / сколько стоит,3,32,сколько стоит расчистить участок от кустарников деревьев цены,7,3,pricing,other,arboristik.ru
13,расчета / калькулятор расчета / калькулятор / объема / круглого леса,5,30,калькулятор расчета объема двигателя,37,13,pricing,other,liwood.ru
13,расчета / калькулятор расчета / калькулятор / объема / круглого леса,5,30,калькулятор расчета круглого леса,165,7,pricing,other,liwood.ru
13,расчета / калькулятор расчета / калькулятор / объема / круглого леса,5,30,калькулятор расчета стоимости вязания,34,4,pricing,other,liwood.ru
13,расчета / калькулятор расчета / калькулятор / объема / круглого леса,5,30,калькулятор расчета воска для свечи,25,3,pricing,other,liwood.ru
13,расчета / калькулятор расчета / калькулятор / объема / круглого леса,5,30,калькулятор расчета ткани на одежду,21,3,pricing,other,liwood.ru
50,услуги расчистке / расчистке / расчистке участка / услуги / участка,2,30,услуги по расчистке участка,170,16,lead,uborka-territorii,liwood.ru
50,услуги расчистке / расчистке / расчистке участка / услуги / участка,2,30,услуги по расчистке участка от деревьев и кустарников цена,14,14,lead,uborka-territorii,arboristik.ru
37,рассчитать / линолеума / линолеума калькулятор / калькулятор / комнату,4,29,рассчитать стоимость линолеума калькулятор зная квадратуру и цену,12,12,pricing,other,liwood.ru
37,рассчитать / линолеума / линолеума калькулятор / калькулятор / комнату,4,29,как рассчитать мдф панели на стены калькулятор,7,7,pricing,demontazh,liwood.ru
37,рассчитать / линолеума / линолеума калькулятор / калькулятор / комнату,4,29,как рассчитать количество линолеума на комнату калькулятор в квадратных метрах,6,6,pricing,other,liwood.ru
37,рассчитать / линолеума / линолеума калькулятор / калькулятор / комнату,4,29,рассчитать сколько надо линолеума калькулятор,30,4,pricing,other,liwood.ru
11,веса / калькулятор веса / веса мдф / калькулятор / мдф,3,28,расчет веса мдф,160,18,pricing,other,liwood.ru
11,веса / калькулятор веса / веса мдф / калькулятор / мдф,3,28,полиамид калькулятор веса,41,5,pricing,other,liwood.ru
11,веса / калькулятор веса / веса мдф / калькулятор / мдф,3,28,стеклотекстолит калькулятор веса,22,5,pricing,other,liwood.ru
48,специалист / деревьям / специалист деревьям / яблонь / калькулятор жидких,3,28,специалист по дереву,1630,12,lead,other,"arborist.su,arboristik.ru"
48,специалист / деревьям / специалист деревьям / яблонь / калькулятор жидких,3,28,специалист по плодовым деревьям,174,12,lead,other,liwood.ru
48,специалист / деревьям / специалист деревьям / яблонь / калькулятор жидких,3,28,специалист по уходу за деревьями,48,4,lead,other,arborist.su
53,бэкинга / расчет / калькулятор / когда / калькулятор онлайн,2,27,калькулятор бэкинга,78,20,pricing,other,liwood.ru
53,бэкинга / расчет / калькулятор / когда / калькулятор онлайн,2,27,расчет бэкинга на шпулю калькулятор,7,7,pricing,other,liwood.ru
19,выравниванию / земельного / земельного участка / участка / услуги,3,25,услуги трактора по выравниванию участка,18,11,lead,uborka-territorii,liwood.ru
19,выравниванию / земельного / земельного участка / участка / услуги,3,25,выравнивание земельного участка спецтехникой цена,8,7,pricing,uborka-territorii,"arboristik.ru,liwood.ru"
19,выравниванию / земельного / земельного участка / участка / услуги,3,25,услуги по выравниванию земельного участка,12,7,lead,uborka-territorii,"arboristik.ru,liwood.ru"
57,участке цены / деревьев участке / спил / цены / участке,2,23,спил деревьев на участке цены московская область,16,16,pricing,arboristika,arboristik.ru
57,участке цены / деревьев участке / спил / цены / участке,2,23,спил больших деревьев на участке цены,9,7,pricing,arboristika,liwood.ru
41,спиленное дерево / спиленное / дерево / штраф спиленное / сколько штраф,3,21,сколько штраф за спиленное дерево,94,15,pricing,other,liwood.ru
41,спиленное дерево / спиленное / дерево / штраф спиленное / сколько штраф,3,21,сколько сохнет спиленное дерево,16,3,pricing,other,liwood.ru
41,спиленное дерево / спиленное / дерево / штраф спиленное / сколько штраф,3,21,сколько штраф за спиленное дерево около дома,3,3,pricing,other,liwood.ru
32,калькулятор жидких / жидких / жидких обоев / обоев / калькулятор,2,20,калькулятор жидких обоев,132,17,pricing,other,liwood.ru
32,калькулятор жидких / жидких / жидких обоев / обоев / калькулятор,2,20,калькулятор жидких обоев на комнату,95,3,pricing,other,liwood.ru
40,когда / яблони / яблони подмосковье / обрезать яблони / обрезать,2,18,когда обрезать яблони в подмосковье в этом году,12,11,lead,other,liwood.ru
40,когда / яблони / яблони подмосковье / обрезать яблони / обрезать,2,18,когда лучше обрезать яблони в подмосковье,12,7,lead,other,liwood.ru
29,распилить / дерево цена / дерево / леса / куб,2,15,сколько стоит распилить куб леса,78,8,pricing,other,arboristik.ru
29,распилить / дерево цена / дерево / леса / куб,2,15,распилить дерево цена,31,7,pricing,other,arboristik.ru
38,промышленный / москве / москва / цены / яблонь,2,15,вакансия промышленный альпинист в москве,70,11,lead,other,liwood.ru
38,промышленный / москве / москва / цены / яблонь,2,15,промышленный альпинизм москва цены,33,4,pricing,other,liwood.ru
49,участок деревьев / кустарников цена / деревьев кустарников / кустарников / участок,3,15,сколько стоит почистить участок от деревьев и кустарников цена,8,6,pricing,other,liwood.ru
49,участок деревьев / кустарников цена / деревьев кустарников / кустарников / участок,3,15,расчистить участок от деревьев и кустарников цена за сотку,11,5,pricing,other,arboristik.ru
49,участок деревьев / кустарников цена / деревьев кустарников / кустарников / участок,3,15,очистить участок от деревьев и кустарников цена,23,4,pricing,other,liwood.ru
30,цена куб / куб / дров / леса / цена,2,14,рубка дров цена за куб за работу,12,11,pricing,other,arboristik.ru
30,цена куб / куб / дров / леса / цена,2,14,распиловка леса цена за куб,50,3,pricing,other,arboristik.ru
20,веса мдф / калькулятор веса / фасадов / мдф / веса,1,13,калькулятор веса мдф фасадов,289,13,pricing,other,liwood.ru
2,березу участке / спилить березу / березу / стоит спилить / спилить,2,11,сколько стоит спилить березу на участке цена,25,6,pricing,other,arboristik.ru
2,березу участке / спилить березу / березу / стоит спилить / спилить,2,11,сколько стоит спилить березу на участке,36,5,pricing,other,arboristik.ru
58,изгороди / живой / живой изгороди / стрижка / метр,2,9,сколько обрезок за период вегетации следует проводить для живой изгороди в молодом возрасте,8,6,pricing,other,arborist.su
58,изгороди / живой / живой изгороди / стрижка / метр,2,9,стрижка живой изгороди цена за метр,3,3,pricing,other,liwood.ru
59,очистить / очистить участок / участок деревьев / деревьев кустарников / соток,1,9,сколько стоит очистить участок от деревьев и кустарников 10 соток,10,9,pricing,other,"arboristik.ru,liwood.ru"
27,рассчитать сколько / земли / рассчитать / соток / участке,1,7,как рассчитать сколько соток земли на участке калькулятор,15,7,pricing,other,liwood.ru
